Unnamed: 0.1,Unnamed: 0,Text,Sentiment,Timestamp,User,Platform,Hashtags,Retweets,Likes,Country,Year,Month,Day,Hour,Sentiment_Group
0,0, Enjoying a beautiful day at the park!              ,positive,2023-01-15 12:30:00, User123      , Twitter  , #Nature #Park                            ,15,30, USA      ,2023,January,15,12hours,Positive
1,1, Traffic was terrible this morning.                 ,negative,2023-01-15 08:45:00, CommuterX    , Twitter  , #Traffic #Morning                        ,5,10, Canada   ,2023,January,15,8hours,Neutral
2,2, Just finished an amazing workout! 💪               ,positive,2023-01-15 15:45:00, FitnessFan   , Instagram , #Fitness #Workout                        ,20,40, USA        ,2023,January,15,15hours,Positive
3,3, Excited about the upcoming weekend getaway!        ,positive,2023-01-15 18:20:00, AdventureX   , Facebook , #Travel #Adventure                       ,8,15, UK       ,2023,January,15,18hours,Positive
4,4, Trying out a new recipe for dinner tonight.        ,neutral,2023-01-15 19:55:00, ChefCook     , Instagram , #Cooking #Food                           ,12,25, Australia ,2023,January,15,19hours,Neutral
5,5, Feeling grateful for the little things in life.    ,positive,2023-01-16 09:10:00, GratitudeNow , Twitter  , #Gratitude #PositiveVibes              ,25,50, India    ,2023,January,16,9hours,Positive
6,6, Rainy days call for cozy blankets and hot cocoa.   ,positive,2023-01-16 14:45:00, RainyDays    , Facebook , #RainyDays #Cozy                         ,10,20, Canada   ,2023,January,16,14hours,Positive
7,7, The new movie release is a must-watch!             ,positive,2023-01-16 19:30:00, MovieBuff    , Instagram , #MovieNight #MustWatch                  ,15,30, USA    ,2023,January,16,19hours,Positive
8,8, Political discussions heating up on the timeline.  ,negative,2023-01-17 08:00:00, DebateTalk   , Twitter  , #Politics #Debate                       ,30,60, USA      ,2023,January,17,8hours,Neutral
9,9, Missing summer vibes and beach days.               ,neutral,2023-01-17 12:20:00, BeachLover   , Facebook , #Summer #BeachDays                      ,18,35, Australia ,2023,January,17,12hours,Neutral
10,10, Just published a new blog post. Check it out!      ,positive,2023-01-17 15:15:00, BloggerX     , Instagram , #Blogging #NewPost                      ,22,45,USA,2023,January,17,15hours,Positive
11,11, Feeling a bit under the weather today.             ,negative,2023-01-18 10:30:00, WellnessCheck, Twitter  , #SickDay #Health                        ,7,15, Canada   ,2023,January,18,10hours,Neutral
12,12, Exploring the city's hidden gems.                  ,positive,2023-01-18 14:50:00, UrbanExplorer, Facebook , #CityExplore #HiddenGems                ,12,25, UK       ,2023,January,18,14hours,Positive
13,13," New year, new fitness goals! 💪                    ",positive,2023-01-18 18:00:00, FitJourney   , Instagram , #NewYear #FitnessGoals                  ,28,55, USA        ,2023,January,18,18hours,Positive
14,14, Technology is changing the way we live.            ,neutral,2023-01-19 09:45:00, TechEnthusiast, Twitter  , #Tech #Innovation                       ,15,30, India    ,2023,January,19,9hours,Neutral
15,15, Reflecting on the past and looking ahead.          ,positive,2023-01-19 13:20:00, Reflections  , Facebook , #Reflection #Future                     ,20,40, USA      ,2023,January,19,13hours,Positive
16,16, Just adopted a cute furry friend! 🐾              ,positive,2023-01-19 17:10:00, PetAdopter   , Instagram , #PetAdoption #FurryFriend               ,15,30, Canada    ,2023,January,19,17hours,Positive
17,17, Late-night gaming session with friends.            ,positive,2023-01-20 00:05:00, GamerX       , Twitter  , #Gaming #LateNight                      ,18,35, UK       ,2023,January,20,0hours,Positive
18,18, Attending a virtual conference on AI.              ,neutral,2023-01-20 11:30:00, TechConference, Facebook , #AI #TechConference                     ,25,50,USA,2023,January,20,11hours,Neutral
19,19, Winter blues got me feeling low.                   ,negative,2023-01-20 15:15:00, WinterBlues  , Instagram , #WinterBlues #Mood                      ,8,15, USA       ,2023,January,20,15hours,Neutral
20,20, Sipping coffee and enjoying a good book.           ,positive,2023-01-21 08:40:00, Bookworm     , Twitter  , #Reading #CoffeeTime                    ,22,45, India    ,2023,January,21,8hours,Positive
21,21, Exploring the world of virtual reality.            ,positive,2023-01-21 13:20:00, VRExplorer   , Facebook , #VR #VirtualReality                     ,15,30,USA,2023,January,21,13hours,Positive
22,22, Productive day ticking off my to-do list.          ,positive,2023-01-21 16:45:00, ProductivityPro, Instagram , #Productivity #WorkFromHome           ,30,60, USA ,2023,January,21,16hours,Positive
23,23, Just finished a challenging workout routine.       ,positive,2023-01-22 09:15:00, FitnessWarrior, Twitter  , #Fitness #ChallengeAccepted             ,20,40, UK       ,2023,January,22,9hours,Positive
24,24, Celebrating a milestone at work! 🎉               ,positive,2023-01-22 14:30:00, CareerMilestone, Facebook , #Career #Milestone                      ,12,25, Canada  ,2023,January,22,14hours,Positive
25,25, Sunday brunch with friends.                        ,positive,2023-01-22 12:00:00, BrunchBuddy  , Instagram , #Brunch #Friends                       ,15,30, UK ,2023,January,22,12hours,Positive
27,28, Learning a new language for personal growth.       ,positive,2023-01-23 16:20:00, LanguageLearner, Facebook , #LanguageLearning #PersonalGrowth       ,25,50, India     ,2023,January,23,16hours,Positive
28,29, Quiet evening with a good book.                    ,positive,2023-01-23 19:45:00, BookLover    , Instagram , #Reading #QuietTime                     ,15,30, Australia ,2023,January,23,19hours,Positive
29,30, Reflecting on the importance of mental health.     ,positive,2023-01-24 11:30:00, MentalHealthMatters, Twitter  , #MentalHealth #SelfCare                 ,22,45, USA      ,2023,January,24,11hours,Positive
30,31, New painting in progress! 🎨                       ,positive,2023-01-24 15:00:00, ArtistInAction, Facebook , #Art #PaintingInProgress             ,12,25, Canada ,2023,January,24,15hours,Positive
31,32, Weekend road trip to explore scenic views.         ,positive,2023-01-24 17:30:00, RoadTripper  , Instagram , #RoadTrip #ScenicViews                  ,18,35, UK        ,2023,January,24,17hours,Positive
32,33, Enjoying a cup of tea and watching the sunset.     ,positive,2023-01-25 18:00:00, SunsetWatcher, Twitter  , #TeaTime #Sunset                       ,15,30, India    ,2023,January,25,18hours,Positive
33,34, Coding a new project with enthusiasm.              ,positive,2023-01-25 13:15:00, CodeEnthusiast, Facebook , #Coding #Enthusiasm                   ,30,60, USA ,2023,January,25,13hours,Positive
34,35, Feeling inspired after attending a workshop.       ,positive,2023-01-26 09:45:00, WorkshopAttendee, Instagram , #Inspiration #Workshop                  ,25,50,USA,2023,January,26,9hours,Positive
35,36, Winter sports day at the local park.               ,positive,2023-01-26 14:20:00, WinterSports  , Twitter  , #WinterSports #Fun                     ,15,30, Canada   ,2023,January,26,14hours,Positive
36,37, Quality time with family this weekend.             ,positive,2023-01-26 17:40:00, FamilyTime   , Facebook , #FamilyTime #Weekend                    ,22,45, UK        ,2023,January,26,17hours,Positive
37,38, Attending a live music concert tonight.            ,positive,2023-01-27 20:00:00, MusicLover   , Instagram , #Music #ConcertNight                  ,18,35, USA ,2023,January,27,20hours,Positive
38,39, Practicing mindfulness with meditation.            ,positive,2023-01-27 12:30:00, MindfulMoments, Twitter  , #Mindfulness #Meditation               ,15,30, India    ,2023,January,27,12hours,Positive
39,40, Trying out a new dessert recipe.                   ,positive,2023-01-27 16:10:00, DessertExplorer, Facebook , #Dessert #Cooking                      ,12,25, Canada ,2023,January,27,16hours,Positive
40,41, Excited about the upcoming gaming tournament.      ,positive,2023-01-28 09:00:00, GamingEnthusiast, Instagram , #Gaming #Tournament                     ,30,60,USA,2023,January,28,9hours,Positive
41,42, Planning a garden makeover for spring.             ,positive,2023-01-28 14:45:00, GardenPlanner , Twitter  , #Gardening #Spring                     ,25,50, USA      ,2023,January,28,14hours,Positive
42,43, Celebrating a friend's birthday tonight! 🎂       ,positive,2023-01-28 19:30:00, BirthdayBash , Facebook , #Birthday #Celebration                  ,15,30, UK ,2023,January,28,19hours,Positive
43,44, Feeling accomplished after a productive day.       ,positive,2023-01-29 17:00:00, ProductivityWin, Instagram , #Accomplished #Success               ,22,45, India ,2023,January,29,17hours,Positive
44,45, A cozy evening with a good movie.                 ,positive,2023-01-29 20:20:00, MovieNight   , Twitter  , #CozyNight #MovieTime                   ,18,35, Canada   ,2023,January,29,20hours,Positive
45,46, Exploring local art galleries this weekend.        ,positive,2023-01-30 11:30:00, ArtExplorer  , Facebook , #Art #GalleryExplore                    ,15,30, USA      ,2023,January,30,11hours,Positive
46,47, New book release from my favorite author!          ,positive,2023-01-30 15:45:00, BookwormX    , Instagram , #BookRelease #FavoriteAuthor           ,12,25, UK   ,2023,January,30,15hours,Positive
47,48, Attending a virtual reality meetup.                ,positive,2023-01-30 18:30:00, VRMeetup     , Twitter  , #VRMeetup #VirtualReality               ,28,55, India    ,2023,January,30,18hours,Positive
48,49, Reflecting on the beauty of nature.                ,positive,2023-01-31 10:45:00, NatureLover  , Facebook , #Nature #Reflection                     ,15,30, Australia ,2023,January,31,10hours,Positive
49,50, Cooking a special dinner for loved ones.           ,positive,2023-01-31 19:00:00, ChefAtHome   , Instagram , #Cooking #SpecialDinner                ,20,40, USA       ,2023,January,31,19hours,Positive
50,51, Feeling optimistic about the week ahead.           ,positive,2023-01-31 16:20:00, OptimisticMindset, Twitter  , #Optimism #NewWeek                     ,15,30, Canada   ,2023,January,31,16hours,Positive
51,52, Starting a new fitness challenge tomorrow! 💪     ,positive,2023-02-01 08:00:00, FitnessChallenge, Facebook , #FitnessChallenge #NewBeginnings       ,22,45, UK         ,2023,February,1,8hours,Positive
52,53, Sunday bike ride through scenic trails.           ,positive,2023-02-01 13:30:00, BikeExplorer  , Instagram , #BikeRide #ScenicTrails                ,18,35, USA     ,2023,February,1,13hours,Positive
53,55, Can't believe the injustice happening in our society.,anger,2023-02-11 09:30:00, SocialJustice   , Twitter  , #Injustice #Angry                            ,20,40, Canada     ,2023,February,11,9hours,Negative
54,56, Feeling a sense of fear after watching a thriller movie. ,fear,2023-02-11 21:15:00, ThrillerFan     , Instagram , #Fear #ThrillerMovie                         ,15,30, USA          ,2023,February,11,21hours,Negative
55,57, Heartbroken after hearing the news about a natural disaster. ,sadness,2023-02-12 14:45:00, EmpathyFirst    , Facebook , #Sadness #NaturalDisaster                    ,25,50, India      ,2023,February,12,14hours,Negative
56,58, The state of the world's environment is just disgusting. ,disgust,2023-02-12 18:20:00, EcoAwareness    , Twitter  , #Disgust #Environment                        ,18,35, UK         ,2023,February,12,18hours,Negative
57,59, Pure happiness: celebrating a loved one's achievement! ,happiness,2023-02-13 10:00:00, ProudFriend     , Instagram , #Happiness #Celebration                   ,30,60, USA ,2023,February,13,10hours,Positive
58,60, Laughter is the best medicine—enjoying a comedy show. ,joy,2023-02-13 19:30:00, ComedyFan       , Facebook , #Joy #ComedyShow                             ,22,45, Canada    ,2023,February,13,19hours,Positive
59,61, Sharing love and positive vibes with everyone! ❤️      ,love,2023-02-14 08:30:00, LoveSpreader    , Twitter  , #Love #SpreadLove                            ,15,30, Australia  ,2023,February,14,8hours,Positive
60,62, An amusing incident brightened up my day!               ,amusement,2023-02-14 14:20:00, AmusedSoul      , Instagram , #Amusement #FunTimes                         ,18,35, UK           ,2023,February,14,14hours,Positive
61,63, Enjoying a quiet evening with a book and some tea.      ,enjoyment,2023-02-14 19:45:00, BookLoverAgain  , Facebook , #Enjoyment #BookTime                         ,25,50, Canada       ,2023,February,14,19hours,Positive
62,64, Admiring the beauty of nature during a peaceful hike.   ,admiration,2023-02-15 11:30:00, NatureAdmirer   , Twitter  , #Admiration #Nature                         ,20,40, USA       ,2023,February,15,11hours,Positive
63,65, Sending affectionate vibes to all my followers!          ,affection,2023-02-15 16:00:00, AffectionSender , Instagram , #Affection #PositiveVibes                   ,15,30,USA,2023,February,15,16hours,Positive
64,66, Experiencing awe at the breathtaking sunset.            ,awe,2023-02-15 20:30:00, AweStruck       , Facebook , #Awe #Breathtaking                          ,22,45, Australia   ,2023,February,15,20hours,Positive
65,67, Disappointed with the service at a local restaurant.    ,disappointed,2023-02-16 09:00:00, FoodieGoneWrong , Twitter  , #Disappointed #BadService                   ,18,35, India      ,2023,February,16,9hours,Negative
66,68, A surprise gift from a friend made my day!              ,surprise,2023-02-16 14:45:00, HappySurprise   , Instagram , #Surprise #Gift                              ,25,50, USA          ,2023,February,16,14hours,Positive
67,69, Finding acceptance in the midst of life's challenges.   ,acceptance,2023-02-16 18:20:00, AcceptanceSeeker, Facebook , #Acceptance #Challenges                     ,15,30, Canada     ,2023,February,16,18hours,Positive
68,70, Overflowing with adoration for my adorable pet! 🐾      ,adoration,2023-02-17 10:45:00, PetAdorer       , Twitter  , #Adoration #PetLove                         ,22,45, UK        ,2023,February,17,10hours,Positive
69,71, Anticipating a thrilling adventure in the coming weeks. ,anticipation,2023-02-17 07:30:00, AdventureAwaits  , Instagram , #Anticipation #Adventure                    ,20,40,USA,2023,February,17,7hours,Positive
70,72, A bitter experience turned into a valuable lesson.      ,bitter,2023-02-17 15:00:00, LearnFromBitter , Facebook , #BitterLesson #Growth                      ,18,35, USA       ,2023,February,17,15hours,Negative
71,73, Finding calmness in the midst of a busy day.            ,calmness,2023-02-18 09:30:00, ZenMaster       , Twitter  , #Calmness #PeacefulMind                    ,15,30, India     ,2023,February,18,9hours,Positive
72,74, Confusion clouds my mind as I navigate through decisions.,confusion,2023-02-18 14:20:00, ConfusedMind    , Instagram , #Confusion #DecisionMaking                 ,25,50, UK   ,2023,February,18,14hours,Negative
73,75, Excitement building up for the upcoming vacation!       ,excitement,2023-02-18 18:45:00, VacationDreamer , Facebook , #Excitement #TravelPlans                   ,22,45, Canada    ,2023,February,18,18hours,Positive
74,76, Kindness witnessed today restored my faith in humanity. ,kind,2023-02-19 11:30:00, KindnessPrevails, Twitter  , #Kindness #Humanity                        ,20,40, USA       ,2023,February,19,11hours,Positive
75,77, Pride in achieving a personal milestone.               ,pride,2023-02-19 16:00:00, PersonalAchiever, Instagram , #Pride #Milestone                           ,30,60, Australia    ,2023,February,19,16hours,Positive
76,78, A moment of shame for not standing up against injustice. ,shame,2023-02-19 19:45:00, ReflectiveSelf  , Facebook , #Shame #Injustice                           ,15,30, India      ,2023,February,19,19hours,Negative
77,79, Fuming with anger after a heated argument.            ,anger,2023-02-20 09:30:00, AngryDebater    , Twitter  , #Anger #Argument                             ,20,40, Canada     ,2023,February,20,9hours,Negative
78,80, The fear of the unknown is keeping me up at night.    ,fear,2023-02-20 21:15:00, FearfulDreamer  , Instagram , #Fear #Unknown                               ,15,30, USA          ,2023,February,20,21hours,Negative
79,81, Heartfelt sadness after bidding farewell to a dear friend. ,sadness,2023-02-21 14:45:00, FarewellHeart   , Facebook , #Sadness #Farewell                          ,25,50, India      ,2023,February,21,14hours,Negative
80,82, The state of corruption in our society is utterly disgusting. ,disgust,2023-02-21 18:20:00, AntiCorruption  , Twitter  , #Disgust #Corruption                         ,18,35, UK         ,2023,February,21,18hours,Negative
81,83, Overflowing happiness: welcoming a new family member!  ,happiness,2023-02-22 10:00:00, NewParentJoy    , Instagram , #Happiness #NewFamilyMember                 ,30,60, UK           ,2023,February,22,10hours,Positive
82,84, Laughter is the key to joy—attending a stand-up comedy show. ,joy,2023-02-22 19:30:00, StandUpFan      , Facebook , #Joy #StandUpComedy                         ,22,45, Canada    ,2023,February,22,19hours,Positive
83,85, Sending love to all my followers on this beautiful day! ❤️ ,love,2023-02-23 08:30:00, LoveSender      , Twitter  , #Love #SpreadLove                            ,15,30, Australia  ,2023,February,23,8hours,Positive
84,86, Amused by the antics of my pet—it's pure amusement!      ,amusement,2023-02-23 14:20:00, PetAmuser       , Instagram , #Amusement #PetAntics                       ,18,35, UK           ,2023,February,23,14hours,Positive
85,87, Enjoying every moment of this trip—pure enjoyment!      ,enjoyment,2023-02-23 19:45:00, TravelExplorer  , Facebook , #Enjoyment #Travel                           ,25,50, USA ,2023,February,23,19hours,Positive
86,88, Admiring the dedication of volunteers at a local charity. ,admiration,2023-02-24 11:30:00, CharityAdmirer  , Twitter  , #Admiration #Volunteers                     ,20,40, USA        ,2023,February,24,11hours,Positive
87,89, Sending affectionate vibes to friends and family.        ,affection,2023-02-24 16:00:00, FamilyLover     , Instagram , #Affection #FamilyLove                      ,15,30,USA,2023,February,24,16hours,Positive
88,90, Awe-struck by the beauty of the night sky.               ,awe,2023-02-24 20:30:00, Stargazer       , Facebook , #Awe #StarryNight                        ,22,45, Australia ,2023,February,24,20hours,Positive
89,91, Disappointed with the lack of progress in a personal project. ,disappointed,2023-02-25 09:00:00, ProjectStruggle , Twitter  , #Disappointed #Project                     ,18,35, India      ,2023,February,25,9hours,Negative
90,92, A surprise visit from an old friend brought tears of joy. ,surprise,2023-02-25 14:45:00, JoyfulReunion   , Instagram , #Surprise #OldFriends                       ,25,50, USA          ,2023,February,25,14hours,Positive
91,93, Embracing acceptance of life's ups and downs.           ,acceptance,2023-02-25 18:20:00, LifeAcceptance  , Facebook , #Acceptance #LifeJourney                   ,15,30, Canada     ,2023,February,25,18hours,Positive
92,94, Overflowing adoration for a cute rescue puppy! 🐶       ,adoration,2023-02-26 10:45:00, PuppyAdmirer    , Twitter  , #Adoration #PuppyLove                       ,22,45, UK         ,2023,February,26,10hours,Positive
93,95, Anticipating the release of a much-awaited movie.       ,anticipation,2023-02-26 07:30:00, MovieBuff2      , Instagram , #Anticipation #MovieRelease                 ,20,40, Australia    ,2023,February,26,7hours,Positive
94,96, Bitter experience at the customer service department.   ,bitter,2023-02-26 15:00:00, CustomerWoes    , Facebook , #BitterExperience #CustomerService         ,18,35, USA       ,2023,February,26,15hours,Negative
95,97, Finding calmness amidst the chaos of daily life.        ,calmness,2023-02-27 09:30:00, CalmSoul        , Twitter  , #Calmness #InnerPeace                      ,15,30, India     ,2023,February,27,9hours,Positive
96,98, Confusion reigns as I try to make sense of recent events.,confusion,2023-02-27 14:20:00, ConfusedMind2   , Instagram , #Confusion #MakingSense                    ,25,50, UK   ,2023,February,27,14hours,Negative
97,99, Excitement building up for a surprise birthday party.   ,excitement,2023-02-27 18:45:00, BirthdayExcite  , Facebook , #Excitement #SurpriseParty                 ,22,45, Canada ,2023,February,27,18hours,Positive
98,100, Witnessed an act of kindness that made my day.          ,kind,2023-02-28 11:30:00, KindnessObserver, Twitter  , #Kindness #ActsOfKindness                  ,20,40, USA       ,2023,February,28,11hours,Positive
99,101, Pride in completing a challenging fitness challenge.    ,pride,2023-02-28 16:00:00, FitAchiever     , Instagram , #Pride #FitnessChallengeCompleted          ,30,60, UK            ,2023,February,28,16hours,Positive
100,102, A moment of shame for not speaking up against injustice.,shame,2023-02-28 19:45:00, ReflectiveSelf2 , Facebook , #Shame #Injustice                           ,15,30, India     ,2023,February,28,19hours,Negative
101,103, Reflecting on the beauty of diversity in our world.     ,acceptance,2023-03-01 10:45:00, DiversityLover  , Twitter  , #Acceptance #Diversity                      ,22,45, Australia ,2023,March,1,10hours,Positive
102,104, Excitement for a quiet evening with a good book.        ,excitement,2023-03-01 13:30:00, BookwormJoy     , Instagram , #Excitement #BookTime                       ,18,35, USA          ,2023,March,1,13hours,Positive
103,105, Feeling bitter about the unfairness in the workplace.   ,bitter,2023-03-01 17:45:00, WorkplaceWoes   , Twitter  , #Bitter #Unfairness                         ,15,30, Canada    ,2023,March,1,17hours,Negative
104,106, Calmness prevails as I practice mindfulness.            ,calmness,2023-03-02 18:00:00, MindfulMe       , Facebook , #Calmness #Mindfulness                      ,15,30, UK        ,2023,March,2,18hours,Positive
105,107, Confusion surrounds me as I navigate through life's choices. ,confusion,2023-03-02 13:15:00, ConfusedMind3   , Instagram , #Confusion #LifeChoices                     ,30,60, USA   ,2023,March,2,13hours,Negative
106,108, Excitement for a weekend road trip to explore new places. ,excitement,2023-03-02 16:45:00, RoadTripper2    , Twitter  , #Excitement #WeekendAdventure               ,25,50, India     ,2023,March,2,16hours,Positive
107,109, Kindness witnessed today restores my faith in humanity.  ,kind,2023-03-03 11:30:00, KindnessPrevails2, Facebook , #Kindness #HumanityRestored                 ,22,45, USA       ,2023,March,3,11hours,Positive
108,110, Pride in accomplishing personal and professional goals.  ,pride,2023-03-03 14:30:00, GoalAchiever    , Instagram , #Pride #Accomplishments                     ,12,25, Canada ,2023,March,3,14hours,Positive
109,111, Shame for not being true to my values in a difficult situation.,shame,2023-03-03 12:00:00, ReflectiveSelf3 , Twitter  , #Shame #Integrity                           ,15,30, UK        ,2023,March,3,12hours,Negative
110,112," Revisiting old memories, feeling a sense of elation. ",elation,2010-05-15 15:30:00, NostalgiaFan    , Twitter  , #Elation #Memories                             ,20,40, Canada    ,2010,May,15,15hours,Positive
111,113, The victory of our team brought euphoria to the city. ,euphoria,2021-08-10 21:15:00, SportsFanatic   , Instagram , #Euphoria #Victory                             ,15,30, USA      ,2021,August,10,21hours,Positive
112,114," Embracing the beauty of nature, a moment of contentment. ",contentment,2011-06-20 14:45:00, NatureLover2    , Facebook , #Contentment #Nature                           ,25,50, India       ,2011,June,20,14hours,Positive
113,115," Meditating by the serene lake, finding inner peace.   ",serenity,2022-02-12 18:20:00, ZenMaster2      , Twitter  , #Serenity #Meditation                          ,18,35, UK          ,2022,February,12,18hours,Positive
114,116, Overflowing with gratitude for life's blessings.      ,gratitude,2012-11-25 10:00:00, ThankfulHeart   , Instagram , #Gratitude #Blessed                            ,30,60, Australia   ,2012,November,25,10hours,Positive
115,117," Hopeful for a brighter tomorrow, despite challenges.  ",hope,2013-04-05 19:30:00, OptimisticSoul  , Facebook , #Hope #Optimism                                ,22,45, USA      ,2013,April,5,19hours,Positive
116,118, Empowered to make a difference in my community.        ,empowerment,2014-09-14 08:30:00, CommunityLeader , Twitter  , #Empowerment #Community                        ,15,30, UK       ,2014,September,14,8hours,Positive
117,119, Compassion in action: supporting a local charity event. ,compassion,2015-07-18 14:20:00, CharitySupporter, Instagram , #Compassion #CharityEvent                   ,18,35, Canada ,2015,July,18,14hours,Positive
118,120," A moment of tenderness, connecting with loved ones.    ",tenderness,2016-02-23 19:45:00, LovingHeart     , Facebook , #Tenderness #FamilyTime                       ,25,50, UK          ,2016,February,23,19hours,Positive
119,121, Arousal of excitement as I await a special announcement.,arousal,2017-10-30 11:30:00, ExcitementFan   , Twitter  , #Arousal #Excitement                           ,20,40, Australia ,2017,October,30,11hours,Neutral
120,122, Enthusiastically diving into a new project.            ,enthusiasm,2018-06-15 16:00:00, ProjectEnthusiast, Instagram , #Enthusiasm #NewProject                       ,15,30, USA  ,2018,June,15,16hours,Positive
121,123, Feeling a sense of fulfillment after reaching a milestone.,fulfillment,2019-03-28 18:20:00, MilestoneAchiever, Facebook , #Fulfillment #Milestone                       ,22,45, India     ,2019,March,28,18hours,Positive
122,124, Reverence for the beauty of a historic landmark.       ,reverence,2019-11-11 15:00:00, HistoryLover    , Twitter  , #Reverence #History                           ,18,35, UK      ,2019,November,11,15hours,Positive
123,125, Elation after a surprise reunion with old friends.    ,elation,2020-04-02 09:30:00, JoyfulReunion2  , Instagram , #Elation #OldFriends                          ,25,50, Canada      ,2020,April,2,9hours,Positive
124,126, The euphoria of a live music concert under the stars.  ,euphoria,2021-06-19 14:45:00, MusicEnthusiast , Facebook , #Euphoria #LiveMusic                          ,15,30, USA ,2021,June,19,14hours,Positive
125,127, Contentment in the simplicity of a quiet Sunday.       ,contentment,2010-08-15 10:00:00, SimpleJoys      , Twitter  , #Contentment #SundayMood                      ,30,60, Australia ,2010,August,15,10hours,Positive
126,128, Serenity found in the pages of a favorite book.        ,serenity,2011-09-22 19:30:00, BookLover3      , Instagram , #Serenity #BookTime                           ,22,45, UK          ,2011,September,22,19hours,Positive
127,129, Gratitude for the support received during tough times. ,gratitude,2012-03-10 08:30:00, SupportiveFriend, Facebook , #Gratitude #Supportive                        ,15,30, India     ,2012,March,10,8hours,Positive
128,130, Hopeful about the possibilities of a new journey.      ,hope,2013-12-05 16:00:00, JourneyOptimist , Twitter  , #Hope #NewBeginnings                          ,18,35, Canada    ,2013,December,5,16hours,Positive
129,131, Empowerment through learning and personal growth.      ,empowerment,2014-07-20 11:30:00, GrowthSeeker    , Instagram , #Empowerment #PersonalGrowth                  ,25,50,USA,2014,July,20,11hours,Positive
130,132, Compassion towards those in need during the holidays.  ,compassion,2015-12-22 14:20:00, HolidayHelper   , Facebook , #Compassion #HolidaySupport                   ,18,35, USA      ,2015,December,22,14hours,Positive
131,133, Tenderness in the warmth of a cozy winter evening.     ,tenderness,2016-02-10 19:45:00, WinterWarmth    , Twitter  , #Tenderness #CozyEvening                     ,25,50, UK       ,2016,February,10,19hours,Positive
132,134, Arousal of excitement for an upcoming adventure.       ,arousal,2017-04-30 11:30:00, AdventureAwaits , Instagram , #Arousal #AdventureTime                       ,20,40, Australia ,2017,April,30,11hours,Neutral
133,135, Enthusiasm for a creative project in the making.       ,enthusiasm,2018-09-15 16:00:00, CreativeSpirit  , Facebook , #Enthusiasm #Creativity                       ,15,30, Canada    ,2018,September,15,16hours,Positive
134,136, Fulfillment in completing a challenging workout routine.,fulfillment,2019-06-28 18:20:00, FitnessAchiever , Twitter  , #Fulfillment #FitnessGoals                   ,22,45, India     ,2019,June,28,18hours,Positive
135,137, Reverence for the artistry displayed in a museum.      ,reverence,2020-11-11 15:00:00, ArtAppreciator  , Instagram , #Reverence #ArtAppreciation                  ,18,35, UK        ,2020,November,11,15hours,Positive
136,138, Elation after achieving a personal goal.               ,elation,2021-03-02 09:30:00, GoalAchiever2   , Facebook , #Elation #PersonalAchievement                ,25,50, USA      ,2021,March,2,9hours,Positive
137,139, Elation over discovering a hidden gem in the city.   ,elation,2012-02-18 14:30:00, UrbanExplorer2  , Twitter  , #Elation #HiddenGem                            ,20,40, USA      ,2012,February,18,14hours,Positive
138,140, The euphoria of a surprise birthday celebration.     ,euphoria,2018-11-05 21:45:00, BirthdayJoy     , Instagram , #Euphoria #BirthdaySurprise                   ,15,30, UK   ,2018,November,5,21hours,Positive
139,141, Contentment in the simplicity of a home-cooked meal. ,contentment,2015-09-12 13:20:00, HomeChef        , Facebook , #Contentment #HomeCooking                     ,25,50, India    ,2015,September,12,13hours,Positive
140,142, Serenity found in the melody of a peaceful piano.    ,serenity,2016-07-30 18:10:00, MusicLover4     , Twitter  , #Serenity #PeacefulMelody                    ,18,35, Canada      ,2016,July,30,18hours,Positive
141,143, Gratitude for the supportive community around me.    ,gratitude,2013-04-20 10:30:00, CommunityLove   , Instagram , #Gratitude #CommunitySupport                   ,30,60, USA ,2013,April,20,10hours,Positive
142,144, Hopeful about the prospects of a new business venture.,hope,2017-12-08 19:15:00, EntrepreneurHope, Facebook , #Hope #BusinessVenture                        ,22,45, Canada    ,2017,December,8,19hours,Positive
143,145, Empowerment through mentoring and guiding others.    ,empowerment,2014-06-03 08:20:00, MentorEmpower   , Twitter  , #Empowerment #Mentorship                      ,15,30, UK       ,2014,June,3,8hours,Positive
144,146, Compassion shown through acts of kindness in the community.,compassion,2019-01-15 14:50:00, KindnessInAction, Instagram , #Compassion #CommunityKindness               ,18,35, Australia ,2019,January,15,14hours,Positive
145,147, Tenderness in a heartfelt message to a loved one.    ,tenderness,2016-12-25 19:30:00, LoveExpress     , Facebook , #Tenderness #LoveNote                         ,25,50, UK          ,2016,December,25,19hours,Positive
146,148, Arousal of excitement before a much-awaited trip.    ,arousal,2018-03-10 09:45:00, TravelExcitement, Twitter  , #Arousal #TravelAdventure                     ,20,40, India    ,2018,March,10,9hours,Neutral
147,149, Enthusiasm for a new artistic project in the works.  ,enthusiasm,2020-09-17 16:30:00, ArtisticSpirit  , Instagram , #Enthusiasm #ArtisticProject                 ,15,30, USA       ,2020,September,17,16hours,Positive
148,150, Feeling a sense of fulfillment after helping others. ,fulfillment,2011-08-28 18:45:00, HelperHeart     , Facebook , #Fulfillment #HelpingOthers                  ,22,45, Canada    ,2011,August,28,18hours,Positive
149,151, Reverence for the historical significance of a landmark.,reverence,2017-11-01 15:30:00, HistoryBuff     , Twitter  , #Reverence #HistoricalSite                   ,18,35, Australia ,2017,November,1,15hours,Positive
150,152, Elation after achieving a fitness milestone.         ,elation,2019-06-15 10:00:00, FitnessAchiever2, Instagram , #Elation #FitnessMilestone                   ,25,50, UK           ,2019,June,15,10hours,Positive
151,153, The euphoria of a successful product launch.         ,euphoria,2022-04-03 11:45:00, ProductLaunchJoy, Facebook , #Euphoria #ProductLaunchSuccess              ,15,30, USA       ,2022,April,3,11hours,Positive
152,154, Contentment in the embrace of a loved one.           ,contentment,2010-11-12 20:20:00, LovingEmbrace   , Twitter  , #Contentment #Love                             ,30,60, India    ,2010,November,12,20hours,Positive
153,155, Serenity found in the beauty of a sunset by the sea.  ,serenity,2011-07-22 18:30:00, SunsetWatcher2  , Instagram , #Serenity #SunsetViews                       ,22,45, Canada     ,2011,July,22,18hours,Positive
154,156, Gratitude for the small joys that each day brings.   ,gratitude,2012-03-30 11:20:00, JoyfulHeart2    , Facebook , #Gratitude #SmallJoys                        ,15,30, Australia   ,2012,March,30,11hours,Positive
155,157, Hopeful about the potential for personal growth.      ,hope,2013-10-05 16:40:00, GrowthOptimist  , Twitter  , #Hope #PersonalDevelopment                    ,18,35, UK       ,2013,October,5,16hours,Positive
156,158, Empowerment through learning a new skill.            ,empowerment,2014-07-10 13:15:00, SkillEmpower    , Instagram , #Empowerment #SkillBuilding                   ,25,50, India   ,2014,July,10,13hours,Positive
157,159, Compassion in volunteering for a local charity.       ,compassion,2015-12-18 14:20:00, CharityVolunteer, Facebook , #Compassion #VolunteerWork                   ,18,35, USA      ,2015,December,18,14hours,Positive
158,160, Tenderness in a quiet moment shared with a pet.      ,tenderness,2016-02-10 19:45:00, PetLove         , Twitter  , #Tenderness #PetLove                          ,25,50, Canada   ,2016,February,10,19hours,Positive
159,161, Arousal of excitement for an upcoming festival.       ,arousal,2017-09-25 11:30:00, FestivalFan     , Instagram , #Arousal #FestivalExcitement               ,20,40, UK ,2017,September,25,11hours,Neutral
160,162, Enthusiasm for a DIY home improvement project.       ,enthusiasm,2018-04-15 16:00:00, DIYEnthusiast   , Facebook , #Enthusiasm #HomeImprovement                 ,15,30, Australia   ,2018,April,15,16hours,Positive
161,163, Fulfillment in completing a challenging puzzle.      ,fulfillment,2019-11-28 18:20:00, PuzzleMaster    , Twitter  , #Fulfillment #PuzzleChallenge                ,22,45, India    ,2019,November,28,18hours,Positive
162,164, Reverence for the wonders of nature on a hiking trail.,reverence,2020-05-11 15:00:00, NatureAdmirer   , Instagram , #Reverence #NatureExploration                ,18,35, USA        ,2020,May,11,15hours,Positive
163,165, Elation after a surprise reunion with a childhood friend.,elation,2021-02-05 09:30:00, ChildhoodJoy    , Facebook , #Elation #FriendshipReunion                  ,25,50, Canada      ,2021,February,5,9hours,Positive
164,166, Suffering from despair after another setback.      ,despair,2021-03-10 08:30:00, StrugglingSoul    , Twitter  , #Despair #Struggle                              ,5,10, USA          ,2021,March,10,8hours,Negative
165,167," Overwhelmed by grief, missing a loved one dearly.  ",grief,2022-07-05 15:45:00, MourningHeart     , Instagram , #Grief #Loss                                   ,8,15, Canada          ,2022,July,5,15hours,Negative
166,168, Loneliness creeps in as the night grows colder.    ,loneliness,2019-11-18 21:20:00, SolitarySoul      , Facebook , #Loneliness #Isolation                         ,10,20, UK           ,2019,November,18,21hours,Negative
167,169, Jealousy consumes me as I witness others' success. ,jealousy,2020-08-12 11:30:00, EnviousObserver   , Twitter  , #Jealousy #Envy                               ,12,25, India        ,2020,August,12,11hours,Negative
168,170, Resentment building up over past betrayals.        ,resentment,2018-05-22 14:45:00, BitterHeart       , Instagram , #Resentment #Bitterness                       ,7,15, Australia     ,2018,May,22,14hours,Negative
169,171, Frustration mounts as obstacles block my path.     ,frustration,2017-01-30 16:10:00, BlockedGoals      , Facebook , #Frustration #Obstacles                       ,10,20, USA          ,2017,January,30,16hours,Negative
170,172," Boredom sets in, the day feels endlessly dull.     ",boredom,2016-09-28 19:45:00, BoredMind         , Twitter  , #Boredom #LackOfInterest                     ,8,15, Canada        ,2016,September,28,19hours,Negative
171,173," Anxiety grips my heart, worry clouds my thoughts.  ",anxiety,2019-04-15 09:00:00, WorriedMind       , Instagram , #Anxiety #Worry                               ,12,25, UK           ,2019,April,15,9hours,Negative
172,174, Intimidation by the unknown future ahead.          ,intimidation,2021-12-03 18:30:00, FearfulSoul       , Facebook , #Intimidation #Fear                           ,15,30, India        ,2021,December,3,18hours,Negative
173,175, Helplessness sinks in as challenges pile up.       ,helplessness,2020-06-20 14:20:00, OverwhelmedHeart  , Twitter  , #Helplessness #Overwhelmed                    ,8,15, Australia    ,2020,June,20,14hours,Negative
174,176, Envy eats away at me as I see others' prosperity.  ,envy,2018-11-07 11:30:00, CovetousMind     , Instagram , #Envy #Desire                                ,10,20, Canada        ,2018,November,7,11hours,Negative
175,177, Regret over missed opportunities haunts my thoughts.,regret,2017-08-25 16:00:00, RemorsefulSoul   , Facebook , #Regret #MissedChances                       ,12,25, UK           ,2017,August,25,16hours,Negative
176,178, Disgust at the sight of injustice and cruelty.     ,disgust,2019-02-11 09:45:00, DisgustedHeart   , Twitter  , #Disgust #Injustice                          ,7,15, India        ,2019,February,11,9hours,Negative
177,179," Drowning in despair, hope slipping through my fingers.",despair,2016-04-02 20:20:00, HopelessHeart    , Instagram , #Despair #Hopeless                           ,10,20, USA          ,2016,April,2,20hours,Negative
178,180," Grief weighs heavy, tears a constant companion.    ",grief,2015-10-18 15:30:00, TearfulSoul      , Facebook , #Grief #Tears                                ,12,25, Canada        ,2015,October,18,15hours,Negative
179,181," Loneliness in a crowded room, a silent cry for connection.",loneliness,2019-07-12 18:10:00, IsolatedMind     , Twitter  , #Loneliness #SeekingConnection              ,15,30, UK            ,2019,July,12,18hours,Negative
180,182," Jealousy gnaws at my confidence, a toxic emotion.  ",jealousy,2018-06-03 16:30:00, SelfDoubt        , Instagram , #Jealousy #Insecurity                       ,8,15, India         ,2018,June,3,16hours,Negative
181,183," Resentment festers, poisoning relationships.       ",resentment,2022-01-15 12:00:00, BrokenTrust      , Facebook , #Resentment #BrokenTrust                     ,10,20, Australia    ,2022,January,15,12hours,Negative
182,184," Frustration boils over, a volcanic eruption of emotions.",frustration,2017-04-10 14:45:00, ExplosiveMind    , Twitter  , #Frustration #EmotionalOutburst             ,12,25, USA          ,2017,April,10,14hours,Negative
183,185," Boredom settles like dust, life feels mundane.     ",boredom,2016-11-28 19:00:00, MundaneHeart     , Instagram , #Boredom #Monotony                          ,7,15, Canada        ,2016,November,28,19hours,Negative
184,186," Anxiety grips my chest, a relentless grip on my thoughts.",anxiety,2018-09-05 09:30:00, RestlessMind     , Facebook , #Anxiety #Restlessness                      ,10,20, UK            ,2018,September,5,9hours,Negative
185,187," Intimidation by the challenges ahead, fear takes hold.",intimidation,2021-10-22 18:30:00, FearfulJourney   , Twitter  , #Intimidation #FacingFear                   ,15,30, India         ,2021,October,22,18hours,Negative
186,188," Helplessness engulfs me, drowning in a sea of problems.",helplessness,2019-05-08 14:20:00, OverwhelmedSoul  , Instagram , #Helplessness #Struggling                   ,8,15, Australia    ,2019,May,8,14hours,Negative
187,189," Envy poisons my thoughts, coveting others' success.",envy,2017-03-20 11:30:00, GreenEyedMonster , Facebook , #Envy #Success                              ,10,20, Canada        ,2017,March,20,11hours,Negative
188,190, Regret for decisions that led to a painful present.,regret,2018-12-15 16:00:00, RegretfulMind    , Twitter  , #Regret #PastChoices                        ,12,25, USA          ,2018,December,15,16hours,Negative
189,191, Disgust at the corruption that stains society.     ,disgust,2016-07-01 09:45:00, CorruptedHeart   , Instagram , #Disgust #Corruption                        ,7,15, UK            ,2016,July,1,9hours,Negative
190,192," Sinking in despair, each day darker than the last. ",despair,2020-08-20 20:20:00, DrowningSoul     , Facebook , #Despair #DarkDays                          ,10,20, India         ,2020,August,20,20hours,Negative
191,193," Grief overwhelms, a storm of emotions within.      ",grief,2021-02-25 15:30:00, StormyHeart      , Twitter  , #Grief #EmotionalStorm                      ,12,25, Canada        ,2021,February,25,15hours,Negative
192,194," Loneliness echoes in empty spaces, yearning for connection.",loneliness,2019-09-12 18:10:00, EchoingSoul     , Instagram , #Loneliness #YearningForConnection         ,15,30, Australia     ,2019,September,12,18hours,Negative
193,195," Jealousy poisons my thoughts, resentment brewing within.",jealousy,2018-08-05 16:30:00, PoisonedMind    , Facebook , #Jealousy #Resentment                       ,8,15, USA           ,2018,August,5,16hours,Negative
194,196," Resentment festers, a wound that refuses to heal.  ",resentment,2017-01-12 12:00:00, UnforgivingSoul  , Twitter  , #Resentment #Unforgiving                    ,10,20, India         ,2017,January,12,12hours,Negative
195,197," Frustration escalates, a thunderstorm of emotions. ",frustration,2022-04-05 14:45:00, ThunderingMind   , Instagram , #Frustration #EmotionalOutburst            ,12,25, UK            ,2022,April,5,14hours,Negative
196,198," Boredom lingers, a stagnant pool of indifference.  ",boredom,2021-10-02 19:00:00, StagnantHeart    , Facebook , #Boredom #Stagnation                        ,7,15, Canada        ,2021,October,2,19hours,Negative
197,199," Embarking on a journey of discovery, fueled by curiosity and a thirst for knowledge. ",curiosity,2023-04-15 10:15:00, InquisitiveMind   , Twitter  , #Curiosity #Learning                        ,15,30, USA          ,2023,April,15,10hours,Positive
198,200," Lost in the vast sea of information, an indifferent wave in the digital ocean. ",indifference,2022-11-28 17:30:00, ApatheticObserver , Instagram , #Indifference #DigitalOverload              ,7,15, Canada          ,2022,November,28,17hours,Neutral
199,201," The complex puzzle of life leaves me in a state of perpetual confusion, seeking answers in the chaos. ",confusion,2020-04-02 09:45:00, SeekingClarity    , Facebook , #Confusion #LifePuzzle                     ,10,20, UK           ,2020,April,2,9hours,Negative
200,202," A numbness settles over me, a shield against the overwhelming emotions life throws my way. ",numbness,2021-08-10 14:00:00, EmotionallyDistant , Twitter  , #Numbness #EmotionalShield                 ,8,15, India        ,2021,August,10,14hours,Negative
201,203," Gazing at the sunset, a melancholic longing for moments that slip through the fingers of time. ",melancholy,2019-06-18 20:45:00, SunsetDreamer     , Instagram , #Melancholy #SunsetMoments                 ,12,25, Australia     ,2019,June,18,20hours,Negative
202,204," Revisiting old photographs, caught in the embrace of nostalgia's bittersweet symphony. ",nostalgia,2018-02-05 15:15:00, MemoryLaneTraveler , Facebook , #Nostalgia #MemoryLane                     ,10,20, USA          ,2018,February,5,15hours,Neutral
203,205," Torn between conflicting emotions, an ambivalence that paints my decisions in shades of uncertainty. ",ambivalence,2022-05-30 11:30:00, MixedFeelings     , Twitter  , #Ambivalence #UncertainChoices             ,12,25, Canada        ,2022,May,30,11hours,Neutral
204,206," Embracing the ebb and flow of life, finding acceptance in the dance of existence. ",acceptance,2023-01-10 16:20:00, ZenLifestyle      , Instagram , #Acceptance #LifeJourney                   ,15,30, UK           ,2023,January,10,16hours,Positive
205,207," Facing challenges head-on, a determination that fuels the fire within to achieve the impossible. ",determination,2020-09-18 13:45:00, ResilientSpirit   , Facebook , #Determination #AchieveTheImpossible       ,10,20, India        ,2020,September,18,13hours,Positive
206,208," Serenity found in the stillness of nature, a tranquil retreat from the chaos of the modern world. ",serenity,2021-07-03 19:00:00, NatureSoul        , Twitter  , #Serenity #NatureRetreat                   ,12,25, Australia    ,2021,July,3,19hours,Positive
207,209," Curiosity leading me down the rabbit hole of knowledge, a perpetual student in life's classroom. ",curiosity,2022-10-08 08:15:00, EternalLearner    , Instagram , #Curiosity #KnowledgeQuest                ,20,40, USA          ,2022,October,8,8hours,Positive
208,210," Floating through the day with an air of indifference, detached from the mundane happenings around. ",indifference,2023-03-22 16:30:00, AloofObserver     , Facebook , #Indifference #FloatingThroughLife        ,10,20, Canada        ,2023,March,22,16hours,Neutral
209,211," Entangled in the web of thoughts, confusion reigning as I navigate the labyrinth of ideas. ",confusion,2021-05-15 11:45:00, ThoughtExplorer   , Twitter  , #Confusion #ThoughtLabyrinth              ,15,30, UK            ,2021,May,15,11hours,Negative
210,212," Numb to the chaos, emotions locked away, a stoic facade concealing the inner turmoil. ",numbness,2019-12-28 14:30:00, StoicSoul         , Instagram , #Numbness #StoicFacade                    ,8,15, Australia     ,2019,December,28,14hours,Negative
211,213," Melancholy whispers in the breeze, a silent conversation with the echoes of forgotten dreams. ",melancholy,2020-03-01 19:00:00, DreamerInSilence  , Facebook , #Melancholy #WhispersInTheBreeze         ,12,25, India         ,2020,March,1,19hours,Negative
212,214," Stumbling upon an old journal, nostalgia flooding in waves, carrying me to moments long gone. ",nostalgia,2018-07-10 15:45:00, JournalKeeper     , Twitter  , #Nostalgia #JournalMoments               ,10,20, Canada        ,2018,July,10,15hours,Neutral
213,215," A tapestry of conflicting feelings, weaving through uncertainty, caught in the threads of ambivalence. ",ambivalence,2022-01-05 10:30:00, ThreadWeaver      , Instagram , #Ambivalence #ConflictingFeelings        ,12,25, UK            ,2022,January,5,10hours,Neutral
214,216," Embracing the flaws, finding acceptance in imperfection, a journey towards self-love. ",acceptance,2021-08-20 16:20:00, SelfLoveAdvocate  , Facebook , #Acceptance #SelfLoveJourney              ,15,30, Australia    ,2021,August,20,16hours,Positive
215,217," Determination burning like a wildfire, overcoming obstacles, turning dreams into reality. ",determination,2019-11-03 13:45:00, DreamChaser       , Twitter  , #Determination #DreamsIntoReality        ,18,35, USA          ,2019,November,3,13hours,Positive
216,218," Tranquil moments by the ocean, serenity washing over, a peaceful retreat within the waves' embrace. ",serenity,2020-04-12 19:30:00, OceanSoul         , Instagram , #Serenity #OceanRetreat                   ,25,50, Canada        ,2020,April,12,19hours,Positive
217,219," Exploring new horizons with the spark of curiosity, an adventurer in the vast landscape of knowledge. ",curiosity,2022-04-15 08:45:00, HorizonExplorer   , Facebook , #Curiosity #NewHorizons                  ,22,45, India         ,2022,April,15,8hours,Positive
218,220," Drifting through the day with a nonchalant demeanor, embracing the art of indifference. ",indifference,2023-02-10 17:00:00, NonchalantSpirit  , Twitter  , #Indifference #DriftingThroughLife       ,9,18, UK            ,2023,February,10,17hours,Neutral
219,221," Wrestling with thoughts, a perplexed mind lost in the labyrinth of life's complexities. ",confusion,2020-08-05 12:15:00, ComplexThinker    , Instagram , #Confusion #PerplexedMind                ,14,28, Australia    ,2020,August,5,12hours,Negative
220,222," Immersed in a state of emotional numbness, a shield against the storm of daily struggles. ",numbness,2021-12-01 15:30:00, ShieldedHeart     , Facebook , #Numbness #EmotionalShield               ,10,20, USA          ,2021,December,1,15hours,Negative
221,223," A melancholic symphony playing in the background, the soundtrack of a wistful heart. ",melancholy,2019-03-25 21:00:00, SymphonySoul      , Twitter  , #Melancholy #WistfulHeart                ,13,26, Canada        ,2019,March,25,21hours,Negative
222,224," Flipping through the pages of an old yearbook, nostalgia painting smiles and tears on my face. ",nostalgia,2017-06-18 14:45:00, YearbookExplorer  , Instagram , #Nostalgia #YearbookMemories            ,12,25, India         ,2017,June,18,14hours,Neutral
223,225," Torn between opposing emotions, an ambivalence that colors my decisions with shades of uncertainty. ",ambivalence,2022-07-08 11:30:00, DecisiveDilemma   , Facebook , #Ambivalence #ShadesOfUncertainty       ,15,30, Australia    ,2022,July,8,11hours,Neutral
224,226," Embracing life's imperfections, finding acceptance in the journey, scars and all. ",acceptance,2023-05-15 16:20:00, ImperfectHarmony  , Twitter  , #Acceptance #ImperfectJourney            ,18,36, Canada        ,2023,May,15,16hours,Positive
225,227," A fiery determination burning within, fueled by the vision of reaching unparalleled heights. ",determination,2021-09-10 14:45:00, VisionarySpirit   , Instagram , #Determination #UnparalleledHeights      ,20,40, UK            ,2021,September,10,14hours,Positive
226,228," Basking in the serenity of a quiet forest, where the whispers of nature bring peace to the soul. ",serenity,2020-02-28 18:30:00, ForestDreamer     , Facebook , #Serenity #NatureWhispers                ,25,50, USA          ,2020,February,28,18hours,Positive
227,231," Indifferent to the noise of the world, a silent observer in the midst of life's cacophony. ",indifference,2023-03-10 16:30:00, SilentSpectator   , Instagram , #Indifference #SilentObserver            ,9,18, India         ,2023,March,10,16hours,Neutral
228,232," Navigating through the labyrinth of thoughts, confusion a constant companion in the maze of ideas. ",confusion,2021-05-02 11:45:00, MazeNavigator     , Facebook , #Confusion #ThoughtLabyrinth              ,14,28, Australia    ,2021,May,2,11hours,Negative
229,233," An impenetrable numbness shields me from the emotional storms, a fortress of stoic resilience. ",numbness,2019-10-18 14:30:00, ResilientFortress , Twitter  , #Numbness #StoicResilience               ,11,22, UK            ,2019,October,18,14hours,Negative
230,234," Melancholy painting the world in hues of nostalgia, a canvas of bittersweet memories. ",melancholy,2020-01-05 20:00:00, CanvasDreamer     , Instagram , #Melancholy #BittersweetMemories         ,13,26, USA          ,2020,January,5,20hours,Negative
231,235," A journey into the past, flipping through the pages of an old diary, nostalgia taking the lead. ",nostalgia,2018-08-10 15:45:00, DiaryExplorer     , Facebook , #Nostalgia #DiaryJourney                 ,12,25, Canada        ,2018,August,10,15hours,Neutral
232,236," Ambivalence clouding decisions, caught in the crossroads of conflicting emotions. ",ambivalence,2022-01-15 10:30:00, CrossroadsTraveler , Twitter  , #Ambivalence #ConflictingEmotions        ,15,30, India         ,2022,January,15,10hours,Neutral
233,237," Embracing imperfections, finding acceptance in the mosaic of life's beautiful chaos. ",acceptance,2021-07-20 16:20:00, MosaicDreamer     , Instagram , #Acceptance #BeautifulChaos              ,18,36, Australia     ,2021,July,20,16hours,Positive
234,238," Determination as the driving force, propelling me forward on the path to extraordinary achievements. ",determination,2019-12-03 13:45:00, PathfinderSpirit  , Facebook , #Determination #ExtraordinaryPath        ,20,40, USA          ,2019,December,3,13hours,Positive
235,239," Seeking serenity in the melody of raindrops, a tranquil escape from the noise of everyday life. ",serenity,2020-04-12 19:30:00, RaindropHarmony   , Twitter  , #Serenity #RaindropMelody                ,25,50, Canada        ,2020,April,12,19hours,Positive
236,240," Curiosity driving the exploration of the unknown, a seeker of knowledge in uncharted territories. ",curiosity,2022-05-08 08:45:00, SeekerOfUnknowns  , Instagram , #Curiosity #SeekerOfKnowledge            ,22,45, UK            ,2022,May,8,8hours,Positive
237,241," Drifting through the day with an air of nonchalance, indifferent to the trivialities of life. ",indifference,2023-02-22 17:00:00, NonchalantWanderer, Facebook , #Indifference #DriftingThroughLife       ,9,18, India         ,2023,February,22,17hours,Neutral
238,242," Lost in the labyrinth of thoughts, confusion casting shadows on the quest for clarity. ",confusion,2020-06-05 12:15:00, ShadowedSeeker    , Twitter  , #Confusion #LabyrinthOfThoughts          ,14,28, Australia    ,2020,June,5,12hours,Negative
239,243," Wrapped in the cloak of emotional numbness, a shield against the storms of life's turbulence. ",numbness,2021-11-30 15:30:00, TurbulentShield   , Instagram , #Numbness #EmotionalStorms               ,10,20, Canada        ,2021,November,30,15hours,Negative
240,244," Melancholy as a companion, painting the canvas of life with the brushstrokes of wistful yearning. ",melancholy,2019-02-25 21:00:00, WistfulPainter    , Facebook , #Melancholy #WistfulYearning             ,13,26, UK            ,2019,February,25,21hours,Negative
241,245," Leafing through the pages of an old photo album, nostalgia weaving tales of laughter and tears. ",nostalgia,2017-05-18 14:45:00, TaleWeaver        , Twitter  , #Nostalgia #PhotoAlbumStories            ,12,25, USA          ,2017,May,18,14hours,Neutral
242,246," Ambivalence in the air, caught between the crossroads of conflicting emotions and decisions. ",ambivalence,2022-08-05 11:30:00, CrossroadsExplorer, Instagram , #Ambivalence #CrossroadsConfusion        ,15,30, Canada        ,2022,August,5,11hours,Neutral
243,247," Embracing the beauty in imperfections, finding acceptance in the mosaic of life's unpredictable art. ",acceptance,2023-06-15 16:20:00, MosaicArtist      , Facebook , #Acceptance #UnpredictableArt            ,18,36, Australia    ,2023,June,15,16hours,Positive
244,248," Determination ablaze, forging a path through challenges, sculpting dreams into tangible realities. ",determination,2021-10-10 14:45:00, DreamSculptor     , Twitter  , #Determination #SculptingDreams          ,20,40, UK            ,2021,October,10,14hours,Positive
245,249," Immerse in the serenity of a moonlit night, where the quiet whispers of nature bring peace to the soul. ",serenity,2020-05-12 19:30:00, MoonlitSoul       , Instagram , #Serenity #MoonlitPeace                  ,25,50, USA          ,2020,May,12,19hours,Positive
246,250," Fueled by curiosity, venturing into uncharted realms, a fearless explorer of the mysteries of the world. ",curiosity,2022-12-01 09:15:00, FearlessExplorer  , Facebook , #Curiosity #FearlessExplorer              ,22,44, India         ,2022,December,1,9hours,Positive
247,251,"Wrapped in the cloak of emotional numbness, a shield against the storms of life's turbulence. ",numbness,2021-11-30 15:30:00, TurbulentShield , Instagram , #Numbness #EmotionalStorms ,10,20, Canada ,2021,November,30,15hours,Negative
248,252," Dancing through life with the exuberance of a carefree spirit, embracing joy and zest at every turn. ",zest,2018-07-12 17:45:00, JoyfulDancer , Twitter , #Zest #CarefreeSpirit ,15,30, USA ,2018,July,12,17hours,Positive
249,253," Basking in the golden glow of contentment, a serene river flowing through the landscape of the heart. ",contentment,2020-09-05 20:10:00, SereneBasker , Facebook , #Contentment #GoldenGlow ,18,36, Australia ,2020,September,5,20hours,Positive
250,254," Gazing towards the horizon with hopeful eyes, painting a canvas of dreams illuminated by the sun of optimism. ",hopeful,2022-04-18 08:00:00, DreamPainter , Instagram , #Hopeful #CanvasOfDreams ,12,24, India ,2022,April,18,8hours,Positive
251,255," Standing tall, proud as an oak, the branches of achievement reaching towards the sky of accomplishment. ",proud,2019-12-10 12:20:00, OakAchiever , Twitter , #Proud #BranchesOfAchievement ,25,50, Canada ,2019,December,10,12hours,Positive
252,256," A heart overflowing with gratitude, a garden where appreciation blooms in the soil of kindness and connection. ",grateful,2023-02-28 09:45:00, HeartGardener , Facebook , #Grateful #BlossomingConnection ,20,40, USA ,2023,February,28,9hours,Positive
253,257," Extending a hand, empathetic threads weaving a tapestry of understanding, embracing the joys and sorrows of others. ",empathetic,2018-04-03 14:15:00, ThreadWeaver , Instagram , #Empathetic #TapestryOfUnderstanding ,15,30, UK ,2018,April,3,14hours,Neutral
254,258," Compassionate clouds, heavy with care, showering empathy on the parched grounds of human suffering. ",compassionate,2022-06-20 10:30:00, CloudCaretaker , Twitter , #Compassionate #ShowerOfEmpathy ,18,36, Australia ,2022,June,20,10hours,Positive
255,259," Playfully dancing in the rain of laughter, a whimsical spirit twirling in the puddles of joy and lightheartedness. ",playful,2020-07-08 18:00:00, RainDancer , Facebook , #Playful #DanceInTheRain ,22,44, Canada ,2020,July,8,18hours,Positive
256,260," Soaring on the wings of a free spirit, unburdened by the chains of conformity, painting the sky with independence. ",free-spirited,2021-08-15 11:10:00, SkyPainter , Instagram , #FreeSpirit #PaintingTheSky ,20,40, India ,2021,August,15,11hours,Positive
257,261," Bathed in the glow of inspiration, a creative phoenix rising from the ashes of ordinary thoughts to explore new realms. ",inspired,2019-10-25 16:50:00, PhoenixExplorer , Twitter , #Inspired #CreativePhoenix ,15,30, UK ,2019,October,25,16hours,Positive
258,262," Navigating the sea of hope, sailing towards the sunrise of possibilities, confident in the ship of positive anticipation. ",hopeful,2023-10-05 07:30:00, SunriseNavigator , Facebook , #Hopeful #SunriseOfPossibilities ,12,24, USA ,2023,October,5,7hours,Positive
259,263," Striding with confidence, footprints of self-assuredness imprinted on the sands of challenges conquered and victories claimed. ",confident,2022-02-15 13:15:00, SandStrider , Instagram , #Confident #FootprintsOfAssuredness ,25,50, Australia ,2022,February,15,13hours,Positive
260,264," Lost in the symphony of the night, a moonlit serenade that whispers tales of wanderlust and moonlit dreams. ",serenity,2021-05-08 22:00:00, NightSerenader , Twitter , #Serenity #MoonlitSerenade ,13,26, Canada ,2021,May,8,22hours,Positive
261,265," Unveiling the layers of curiosity, a labyrinth of questions leading to the treasure troves of undiscovered knowledge. ",curiosity,2020-11-29 14:45:00, KnowledgeSeeker , Instagram , #Curiosity #LabyrinthOfQuestions ,17,34, USA ,2020,November,29,14hours,Positive
262,266," In the embrace of the autumn breeze, leaves of ambivalence dancing in a waltz between choices and uncertainties. ",ambivalence,2019-09-14 10:20:00, BreezeWaltzer , Facebook , #Ambivalence #AutumnWaltz ,14,28, UK ,2019,September,14,10hours,Neutral
263,267," Gratitude as a guiding star, navigating the constellation of blessings in the vast universe of life's precious moments. ",grateful,2022-03-12 19:55:00, StarNavigator , Twitter , #Grateful #GuidingStar ,19,38, Australia ,2022,March,12,19hours,Positive
264,268," With a zestful heart, sprinting through fields of enthusiasm, chasing sunbeams and laughter in the meadows of joy. ",zest,2023-03-30 16:30:00, MeadowSprinter , Instagram , #Zest #FieldsOfEnthusiasm ,16,32, India ,2023,March,30,16hours,Positive
265,269," A compassionate rain, tears of empathy falling gently, nurturing the seeds of kindness in the garden of human connections. ",compassionate,2021-07-01 12:10:00, RainNurturer , Facebook , #Compassionate #TearsOfEmpathy ,21,42, Canada ,2021,July,1,12hours,Positive
266,270," Proudly scaling the peaks of achievement, a mountaineer conquering challenges and planting the flag of success. ",proud,2020-01-05 08:45:00, PeakConqueror , Twitter , #Proud #ScalingPeaks ,23,46, USA ,2020,January,5,8hours,Positive
267,271," Embraced by the hopeful dawn, a gardener sowing seeds of optimism, tending to the blooms of a brighter tomorrow. ",hopeful,2022-07-17 06:15:00, DawnGardener , Instagram , #Hopeful #SeedsOfOptimism ,14,28, UK ,2022,July,17,6hours,Positive
268,272," A playful escapade in the carnival of life, carousel laughter and cotton candy dreams swirling in the joyous atmosphere. ",playful,2018-08-22 17:20:00, CarnivalDreamer , Facebook , #Playful #CarnivalEscapade ,24,48, Australia ,2018,August,22,17hours,Positive
269,273," Floating on clouds of inspiration, an artist painting the sky with strokes of creativity, creating a masterpiece of dreams. ",inspired,2021-12-08 14:30:00, SkyArtist , Twitter , #Inspired #CloudsOfCreativity ,18,36, India ,2021,December,8,14hours,Positive
270,274," Navigating the river of contentment, a serene boat cruise through the tranquil waters of inner peace and acceptance. ",contentment,2019-04-27 09:50:00, RiverNavigator , Instagram , #Contentment #TranquilWaters ,20,40, Canada ,2019,April,27,9hours,Positive
271,275," With empathy as a lantern, wandering through the dark alleys of sorrow, illuminating the path with compassion and care. ",empathetic,2023-09-03 21:40:00, LanternWanderer , Facebook , #Empathetic #LanternOfCompassion ,16,32, USA ,2023,September,3,21hours,Neutral
272,276," A free spirit soaring on the wings of dreams, leaving trails of independence in the azure sky of boundless possibilities. ",free-spirited,2020-06-10 10:05:00, DreamSoarer , Twitter , #FreeSpirit #WingsOfDreams ,22,44, UK ,2020,June,10,10hours,Positive
273,277," Bathed in the golden hues of gratefulness, a sunset of appreciation casting its warm glow on the landscapes of the heart. ",grateful,2022-04-01 18:30:00, SunsetAdmirer , Instagram , #Grateful #GoldenHues ,19,38, Australia ,2022,April,1,18hours,Positive
274,278," Confident strides in the dance of life, a ballroom where self-assuredness leads, twirling through challenges with grace. ",confident,2021-01-15 13:00:00, DanceStrider , Facebook , #Confident #DanceOfLife ,23,46, Canada ,2021,January,15,13hours,Positive
275,279," Hopeful whispers of wind, carrying the promises of a brighter tomorrow, a symphony of optimism in the air of possibilities. ",hopeful,2023-05-06 07:20:00, WindWhisperer , Twitter , #Hopeful #BrighterTomorrows ,15,30, India ,2023,May,6,7hours,Positive
276,280," Playfully juggling responsibilities, a circus performer balancing the acts of work and joy, tossing laughter into the air. ",playful,2019-11-18 15:15:00, JugglingArtist , Instagram , #Playful #JugglingResponsibilities ,25,50, USA ,2019,November,18,15hours,Positive
277,281," Whispering tales of inspiration to the stars, a storyteller crafting constellations from the threads of imagination. ",inspired,2020-08-29 20:45:00, StarStoryteller , Facebook , #Inspired #TalesToTheStars ,14,28, UK ,2020,August,29,20hours,Positive
278,282," Charting a course through the waves of hopeful anticipation, a sailor steering towards the shores of dreams yet unexplored. ",hopeful,2022-10-30 11:40:00, WaveNavigator , Twitter , #Hopeful #SailorOfDreams ,17,34, Australia ,2022,October,30,11hours,Positive
279,283," A compassionate rain, tears of empathy falling gently, nurturing the seeds of kindness in the garden of human connections. ",compassionate,2021-07-01 12:10:00, RainNurturer , Instagram , #Compassionate #TearsOfEmpathy ,21,42, Canada ,2021,July,1,12hours,Positive
280,284," Proudly scaling the peaks of achievement, a mountaineer conquering challenges and planting the flag of success. ",proud,2020-01-05 08:45:00, PeakConqueror , Twitter , #Proud #ScalingPeaks ,23,46, USA ,2020,January,5,8hours,Positive
281,285," Embraced by the hopeful dawn, a gardener sowing seeds of optimism, tending to the blooms of a brighter tomorrow. ",hopeful,2022-07-17 06:15:00, DawnGardener , Instagram , #Hopeful #SeedsOfOptimism ,14,28, UK ,2022,July,17,6hours,Positive
282,286," A playful escapade in the carnival of life, carousel laughter and cotton candy dreams swirling in the joyous atmosphere. ",playful,2018-08-22 17:20:00, CarnivalDreamer , Facebook , #Playful #CarnivalEscapade ,24,48, Australia ,2018,August,22,17hours,Positive
283,287," Floating on clouds of inspiration, an artist painting the sky with strokes of creativity, creating a masterpiece of dreams. ",inspired,2021-12-08 14:30:00, SkyArtist , Twitter , #Inspired #CloudsOfCreativity ,18,36, India ,2021,December,8,14hours,Positive
284,288," Navigating the river of contentment, a serene boat cruise through the tranquil waters of inner peace and acceptance. ",contentment,2019-04-27 09:50:00, RiverNavigator , Instagram , #Contentment #TranquilWaters ,20,40, Canada ,2019,April,27,9hours,Positive
285,289," With empathy as a lantern, wandering through the dark alleys of sorrow, illuminating the path with compassion and care. ",empathetic,2023-09-03 21:40:00, LanternWanderer , Facebook , #Empathetic #LanternOfCompassion ,16,32, USA ,2023,September,3,21hours,Neutral
286,290," A free spirit soaring on the wings of dreams, leaving trails of independence in the azure sky of boundless possibilities. ",free-spirited,2020-06-10 10:05:00, DreamSoarer , Twitter , #FreeSpirit #WingsOfDreams ,22,44, UK ,2020,June,10,10hours,Positive
287,291," Bathed in the golden hues of gratefulness, a sunset of appreciation casting its warm glow on the landscapes of the heart. ",grateful,2022-04-01 18:30:00, SunsetAdmirer , Instagram , #Grateful #GoldenHues ,19,38, Australia ,2022,April,1,18hours,Positive
288,292," Confident strides in the dance of life, a ballroom where self-assuredness leads, twirling through challenges with grace. ",confident,2021-01-15 13:00:00, DanceStrider , Facebook , #Confident #DanceOfLife ,23,46, Canada ,2021,January,15,13hours,Positive
289,293," Hopeful whispers of wind, carrying the promises of a brighter tomorrow, a symphony of optimism in the air of possibilities. ",hopeful,2023-05-06 07:20:00, WindWhisperer , Twitter , #Hopeful #BrighterTomorrows ,15,30, India ,2023,May,6,7hours,Positive
290,294," Playfully juggling responsibilities, a circus performer balancing the acts of work and joy, tossing laughter into the air. ",playful,2019-11-18 15:15:00, JugglingArtist , Instagram , #Playful #JugglingResponsibilities ,25,50, USA ,2019,November,18,15hours,Positive
291,295," Whispering tales of inspiration to the stars, a storyteller crafting constellations from the threads of imagination. ",inspired,2020-08-29 20:45:00, StarStoryteller , Facebook , #Inspired #TalesToTheStars ,14,28, UK ,2020,August,29,20hours,Positive
292,296," Charting a course through the waves of hopeful anticipation, a sailor steering towards the shores of dreams yet unexplored. ",hopeful,2022-10-30 11:40:00, WaveNavigator , Twitter , #Hopeful #SailorOfDreams ,17,34, Australia ,2022,October,30,11hours,Positive
293,297," A compassionate rain, tears of empathy falling gently, nurturing the seeds of kindness in the garden of human connections. ",compassionate,2021-07-01 12:10:00, RainNurturer , Instagram , #Compassionate #TearsOfEmpathy ,21,42, Canada ,2021,July,1,12hours,Positive
294,298," Proudly scaling the peaks of achievement, a mountaineer conquering challenges and planting the flag of success. ",proud,2020-01-05 08:45:00, PeakConqueror , Twitter , #Proud #ScalingPeaks ,23,46, USA ,2020,January,5,8hours,Positive
295,299," Embraced by the hopeful dawn, a gardener sowing seeds of optimism, tending to the blooms of a brighter tomorrow. ",hopeful,2022-07-17 06:15:00, DawnGardener , Instagram , #Hopeful #SeedsOfOptimism ,14,28, India ,2022,July,17,6hours,Positive
296,300," A playful escapade in the carnival of life, carousel laughter and cotton candy dreams swirling in the joyous atmosphere. ",playful,2018-08-22 17:20:00, CarnivalDreamer , Facebook , #Playful #CarnivalEscapade ,24,48, Australia ,2018,August,22,17hours,Positive
297,301," Drowning in the abyss of despair, a heart shattered into fragments, lost in the echoing silence of hopelessness. ",despair,2021-09-15 16:00:00, ShatteredHeart , Instagram , #Despair #EchoingSilence ,8,16, Canada ,2021,September,15,16hours,Negative
298,302," Bitterness festering like a venomous vine, entwining the soul in a web of resentment, poisoning the garden of peace. ",bitterness,2019-03-08 14:20:00, VenomousSoul , Facebook , #Bitterness #ResentmentWeb ,12,24, UK ,2019,March,8,14hours,Negative
299,303," Wandering through the desert of loneliness, each step a heavy sigh, mirages of connection shimmering but never materializing. ",loneliness,2017-07-20 11:45:00, DesertWanderer , Twitter , #Loneliness #MiragesOfConnection ,15,30, USA ,2017,July,20,11hours,Negative
300,304," Yearning for a touch that's not there, echoes of a distant warmth haunting the heart in the cold embrace of solitude. ",yearning,2020-11-02 19:30:00, ColdEmbrace , Instagram , #Yearning #DistantWarmth ,10,20, Australia ,2020,November,2,19hours,Negative
301,305," Eyes wide open in the night, fearful shadows dancing on the walls, the mind a prisoner of imagined horrors. ",fearful,2022-05-12 02:00:00, NightPrisoner , Facebook , #Fearful #ImaginedHorrors ,18,36, India ,2022,May,12,2hours,Negative
302,306," Apprehensive steps on the tightrope of uncertainty, a balancing act where the fall seems inevitable, anxiety a constant companion. ",apprehensive,2023-04-08 13:15:00, TightropeWalker , Twitter , #Apprehensive #BalancingAct ,14,28, UK ,2023,April,8,13hours,Negative
303,307," Overwhelmed by the weight of the world, Atlas with trembling shoulders, each responsibility a boulder in the landscape of exhaustion. ",overwhelmed,2021-06-25 17:50:00, AtlasBearer , Instagram , #Overwhelmed #BouldersOfExhaustion ,22,44, Canada ,2021,June,25,17hours,Negative
304,308," Jealousy, a green-eyed monster, lurking in the shadows, casting a dark cloud over the sunshine of others' success. ",jealous,2019-08-30 10:10:00, GreenMonster , Facebook , #Jealous #GreenEyedMonster ,16,32, USA ,2019,August,30,10hours,Negative
305,309," Devastated by the storm of betrayal, the wreckage of trust scattered like debris, a heart torn by the winds of broken promises. ",devastated,2022-08-03 15:30:00, StormSurvivor , Twitter , #Devastated #WindsOfBrokenPromises ,25,50, Australia ,2022,August,3,15hours,Negative
306,310," Frustrated fingers tapping on the keyboard, a symphony of annoyance composing an unsolvable puzzle of unmet expectations. ",frustrated,2020-12-17 09:20:00, PuzzleComposer , Instagram , #Frustrated #UnsolvablePuzzle ,12,24, India ,2020,December,17,9hours,Negative
307,311," Envious eyes fixated on the gilded prize, a heartache fueled by the painful desire for possessions that seem forever out of reach. ",envious,2021-02-28 22:45:00, GildedHeartache , Facebook , #Envious #GildedPrize ,20,40, USA ,2021,February,28,22hours,Negative
308,312," Dismissive glances, a fortress built with indifference, walls impenetrable to the pleas of understanding and recognition. ",dismissive,2018-05-10 14:00:00, IndifferentFort , Twitter , #Dismissive #ImpenetrableWalls ,14,28, UK ,2018,May,10,14hours,Negative
309,313," Shattered dreams lie on the floor like fragments of glass, a mosaic of disappointment crafted by the hands of frustration. ",frustrated,2022-01-07 11:10:00, DreamMosaic , Instagram , #Frustrated #MosaicOfDisappointment ,15,30, Canada ,2022,January,7,11hours,Negative
310,314," Loneliness, a silent companion in the night, the only echo in the chamber of solitude, a heart's solitary nocturne. ",loneliness,2019-09-19 03:30:00, NocturnalEcho , Facebook , #Loneliness #SolitaryNocturne ,18,36, Australia ,2019,September,19,3hours,Negative
311,315," Fearful whispers in the dark, the mind haunted by the specter of the unknown, shadows dancing to the rhythm of anxiety's tune. ",fearful,2023-07-14 23:00:00, DarkWhispers , Twitter , #Fearful #SpecterOfTheUnknown ,13,26, UK ,2023,July,14,23hours,Negative
312,316," Bitterness, a bitter aftertaste lingering on the tongue, each word a reminder of wounds that refuse to heal with the passing of time. ",bitterness,2020-04-05 16:20:00, LingeringTaste , Instagram , #Bitterness #BitterAftertaste ,10,20, India ,2020,April,5,16hours,Negative
313,317," Overwhelmed by the cacophony of expectations, a drowning soul in the tempest of pressure, struggling to stay afloat. ",overwhelmed,2021-11-29 08:45:00, TempestSurvivor , Facebook , #Overwhelmed #DrowningSoul ,20,40, USA ,2021,November,29,8hours,Negative
314,318," Jealousy, a venom that seeps through the veins, poisoning the heart and turning it into a breeding ground for discontent. ",jealous,2019-12-12 17:00:00, VenomousHeart , Twitter , #Jealous #HeartOfDiscontent ,16,32, Australia ,2019,December,12,17hours,Negative
315,319," Devastated by the revelation of betrayal, the trust shattered like fragile glass, leaving shards of pain in its wake. ",devastated,2022-05-20 14:50:00, FragileTrust , Instagram , #Devastated #ShatteredTrust ,25,50, Canada ,2022,May,20,14hours,Negative
316,320," Frustrated attempts to mend a broken connection, the threads of understanding slipping through the fingers like grains of sand. ",frustrated,2020-09-03 12:15:00, BrokenThreads , Facebook , #Frustrated #SlippingThreads ,14,28, UK ,2020,September,3,12hours,Negative
317,321," Envious gazes cast upon the podium of success, a bitter pill swallowed, the taste lingering as a constant reminder of unattained heights. ",envious,2021-02-10 19:30:00, SuccessPill , Twitter , #Envious #BitterPill ,20,40, USA ,2021,February,10,19hours,Negative
318,322," Dismissive gestures, a curtain drawn to shield the vulnerability, a stage where emotions take a backseat to the performance of indifference. ",dismissive,2018-08-18 14:40:00, CurtainShield , Instagram , #Dismissive #IndifferencePerformance ,12,24, Australia ,2018,August,18,14hours,Negative
319,323," Despair like a heavy fog, enveloping every thought, blurring the path ahead, a journey in the labyrinth of utter hopelessness. ",despair,2022-02-28 21:00:00, FoggyLabyrinth , Facebook , #Despair #LabyrinthOfHopelessness ,8,16, Canada ,2022,February,28,21hours,Negative
320,324," Bitterness, a bitter chill in the air, freezing moments into icicles of resentment that dangle precariously over the landscape of memory. ",bitterness,2019-10-15 10:30:00, IcyResentment , Twitter , #Bitterness #IciclesOfResentment ,15,30, UK ,2019,October,15,10hours,Negative
321,325," Loneliness, a solitary moon in a starless sky, casting a cold glow on the landscape of isolation, where echoes bounce in empty spaces. ",loneliness,2017-12-01 18:50:00, SolitaryMoon , Instagram , #Loneliness #StarlessSky ,18,36, USA ,2017,December,1,18hours,Negative
322,326," Yearning for the warmth of a vanished sun, a heartache painted in the hues of a sunset that never graced the horizon. ",yearning,2020-04-18 16:15:00, VanishedSunset , Facebook , #Yearning #HuesOfSunset ,10,20, Australia ,2020,April,18,16hours,Negative
323,327," Fearful eyes scanning the shadows, a prisoner of the night, terrorized by the lurking monsters born from the mind's darkest corners. ",fearful,2023-01-07 03:30:00, NightPrisoner , Twitter , #Fearful #LurkingMonsters ,18,36, India ,2023,January,7,3hours,Negative
324,328," Apprehensive whispers in the wind, a forecast of uncertainty, the mind's weather vane spinning wildly in the storm of doubt. ",apprehensive,2021-06-10 10:00:00, WindWhisperer , Instagram , #Apprehensive #StormOfDoubt ,14,28, Canada ,2021,June,10,10hours,Negative
325,329," Overwhelmed by the maze of expectations, a minotaur of pressure lurking in the labyrinth, waiting to devour the spirit of resilience. ",overwhelmed,2020-02-22 15:20:00, MazeExplorer , Facebook , #Overwhelmed #MinotaurOfPressure ,22,44, USA ,2020,February,22,15hours,Negative
326,330," Jealousy, a festering wound, the pain intensifying with each glance at the garden of others' achievements, blooming beyond the fence. ",jealous,2018-03-17 14:45:00, WoundedGarden , Twitter , #Jealous #BloomingAchievements ,16,32, UK ,2018,March,17,14hours,Negative
327,331," Devastated, a heart in ruins, the echoes of shattered dreams reverberating in the chambers, a requiem for what once was whole. ",devastated,2022-10-28 11:15:00, RuinedHeart , Instagram , #Devastated #EchoesOfShatteredDreams ,25,50, Australia ,2022,October,28,11hours,Negative
328,332," Frustrated attempts to untangle the knot of confusion, the threads of understanding slipping further into the labyrinth of miscommunication. ",frustrated,2020-11-01 12:30:00, KnotUntangler , Facebook , #Frustrated #LabyrinthOfMiscommunication ,14,28, India ,2020,November,1,12hours,Negative
329,333," Envious eyes locked on the treasure chest of opportunities, a heartache fueled by the desire for keys that seem forever elusive. ",envious,2021-01-15 22:10:00, ElusiveKeys , Twitter , #Envious #DesireForKeys ,20,40, USA ,2021,January,15,22hours,Negative
330,334," Dismissive gestures, a curtain drawn to shield the vulnerability, a stage where emotions take a backseat to the performance of indifference. ",dismissive,2018-08-18 14:00:00, IndifferentFort , Instagram , #Dismissive #IndifferencePerformance ,12,24, Australia ,2018,August,18,14hours,Negative
331,335," Shattered dreams lie on the floor like fragments of glass, a mosaic of disappointment crafted by the hands of frustration. ",frustrated,2022-01-07 11:10:00, DreamMosaic , Twitter , #Frustrated #MosaicOfDisappointment ,15,30, Canada ,2022,January,7,11hours,Negative
332,336," Loneliness, a silent companion in the night, the only echo in the chamber of solitude, a heart's solitary nocturne. ",loneliness,2019-09-19 03:30:00, NocturnalEcho , Facebook , #Loneliness #SolitaryNocturne ,18,36, Australia ,2019,September,19,3hours,Negative
333,337,Awe-struck by the breathtaking sunrise over the mountains.      ,awe,2022-04-03 06:15:00, NatureAdmirer  , Instagram , #Awe #BreathtakingSunrise                   ,28,55, USA               ,2022,April,3,6hours,Positive
334,338,Navigating through the challenges with determination.          ,determination,2023-10-12 10:30:00, GoalPursuer    , Twitter  , #Determination #Challenges                  ,15,30, Canada            ,2023,October,12,10hours,Positive
335,339,Nostalgia hits while flipping through an old photo album.     ,nostalgia,2019-06-28 19:00:00, MemoryLane     , Facebook , #Nostalgia #OldMemories                     ,22,45, UK                ,2019,June,28,19hours,Neutral
336,340,Thrilled to witness the grandeur of a cultural festival.       ,thrill,2020-09-15 14:45:00, CultureEnthusiast , Instagram , #Thrill #CulturalCelebration              ,40,80, India              ,2020,September,15,14hours,Positive
337,341,Calmness found in the rhythm of raindrops on the windowpane.   ,calmness,2017-11-08 21:20:00, RainWatcher    , Twitter  , #Calmness #RainyDays                        ,18,35, Australia          ,2017,November,8,21hours,Positive
338,342,Overwhelmed by the support received during a personal challenge.,overwhelmed,2021-05-20 17:30:00, PersonalJourney , Facebook , #Overwhelmed #SupportiveCommunity          ,25,50, USA               ,2021,May,20,17hours,Negative
339,343,Excitement builds as the countdown to a long-awaited vacation begins. ,excitement,2023-01-10 12:00:00, VacationDreamer , Instagram , #Excitement #VacationCountdown        ,30,60, France            ,2023,January,10,12hours,Positive
340,344,"Reflecting on life's journey, grateful for the lessons learned. ",gratitude,2018-12-05 08:45:00, LifeLearner   , Twitter  , #Gratitude #LifeLessons                    ,35,70, Brazil            ,2018,December,5,8hours,Positive
341,345,Bittersweet emotions arise while bidding farewell to a dear friend. ,bittersweet,2020-03-15 18:30:00, FarewellSender , Instagram , #Bittersweet #Farewell                     ,20,40, Japan             ,2020,March,15,18hours,Negative
342,346,Curiosity sparked by exploring a mysterious ancient ruin.      ,curiosity,2016-08-22 15:10:00, HistoryExplorer , Facebook , #Curiosity #AncientDiscovery          ,18,35, Greece            ,2016,August,22,15hours,Positive
343,347,Admiration for the intricate details of a handcrafted masterpiece. ,admiration,2019-08-20 16:00:00, CraftEnthusiast , Instagram , #Admiration #HandcraftedArt               ,25,50, USA               ,2019,August,20,16hours,Positive
344,348,Overjoyed by the warmth of a cozy fireplace on a winter evening.   ,overjoyed,2021-12-08 19:30:00, WinterLover     , Twitter  , #Overjoyed #WinterWarmth                  ,18,35, Canada            ,2021,December,8,19hours,Positive
345,349,Inspiration strikes while observing the colors of a vibrant sunset.,inspiration,2020-06-10 20:45:00, SunsetWatcher   , Instagram , #Inspiration #ColorfulSunset             ,30,60, UK                ,2020,June,10,20hours,Positive
346,350,Motivated to achieve fitness goals after an invigorating workout.  ,motivation,2022-02-28 07:15:00, FitnessJunkie   , Facebook , #Motivation #FitnessGoals                 ,40,80, Australia          ,2022,February,28,7hours,Positive
347,351,Gratitude for the simple joys found in a cup of morning coffee.    ,gratitude,2017-04-15 08:00:00, CoffeeLover     , Twitter  , #Gratitude #MorningCoffee                 ,22,45, India             ,2017,April,15,8hours,Positive
348,352,Feeling empowered after conquering a challenging hiking trail.     ,empowerment,2018-09-05 14:20:00, HikingExplorer  , Instagram , #Empowerment #HikingAdventure             ,35,70, USA               ,2018,September,5,14hours,Positive
349,353,Amused by the antics of playful kittens during playtime.           ,amusement,2022-10-22 12:45:00, KittyObserver   , Facebook , #Amusement #PlayfulKittens               ,15,30, Canada            ,2022,October,22,12hours,Positive
350,354,Contemplating life's mysteries under the starry night sky.         ,contemplation,2016-07-02 23:30:00, Stargazer       , Twitter  , #Contemplation #StarryNight               ,28,55, UK                ,2016,July,2,23hours,Neutral
351,355,Joyful reunion with long-lost friends after years of separation.   ,joyfulreunion,2020-11-18 17:10:00, FriendshipRenewal , Instagram , #JoyfulReunion #Friendship               ,20,40, India             ,2020,November,18,17hours,Positive
352,356,Excitement builds while preparing for a surprise celebration.     ,excitement,2023-03-05 15:00:00, CelebrationPlanner , Facebook , #Excitement #SurpriseCelebration         ,30,60, Australia          ,2023,March,5,15hours,Positive
353,357,Satisfaction derived from successfully completing a DIY project.  ,satisfaction,2015-12-01 11:30:00, DIYEnthusiast   , Twitter  , #Satisfaction #DIYProject                 ,25,50, USA               ,2015,December,1,11hours,Positive
354,358,Feeling blessed for the supportive community in times of need.    ,blessed,2021-09-10 09:45:00, CommunityHelper , Instagram , #Blessed #SupportiveCommunity            ,18,35, UK                ,2021,September,10,9hours,Positive
355,359,Captivated by the serenity of a tranquil garden in full bloom.     ,serenity,2018-05-12 14:20:00, GardenEnthusiast , Facebook , #Serenity #TranquilGarden                ,22,45, Canada            ,2018,May,12,14hours,Positive
356,360,Anticipation for an upcoming adventure in an exotic destination.   ,anticipation,2022-07-25 10:00:00, Wanderlust      , Twitter  , #Anticipation #AdventureAwaits           ,40,80, India             ,2022,July,25,10hours,Positive
357,361,Reflecting on personal growth achieved through life experiences.  ,reflection,2019-03-08 18:30:00, GrowthSeeker    , Instagram , #Reflection #PersonalGrowth              ,35,70, USA               ,2019,March,8,18hours,Neutral
358,362,Nostalgic memories flood in while revisiting childhood favorites. ,nostalgia,2017-01-28 21:15:00, ChildhoodMemories , Facebook , #Nostalgia #ChildhoodFavorites           ,20,40, Australia          ,2017,January,28,21hours,Neutral
359,363,Appreciation for the vibrant culture experienced during travel.   ,appreciation,2016-11-14 13:45:00, CultureExplorer , Twitter  , #Appreciation #CulturalExperience        ,28,55, UK                ,2016,November,14,13hours,Positive
360,364,Confidence soars after overcoming public speaking anxiety.       ,confidence,2020-04-02 17:30:00, PublicSpeaker   , Instagram , #Confidence #OvercomingAnxiety          ,15,30, USA               ,2020,April,2,17hours,Positive
361,365,Contentment in the midst of a family gathering filled with laughter. ,contentment,2023-01-15 19:00:00, FamilyCelebration , Facebook , #Contentment #FamilyLaughter             ,25,50, Canada            ,2023,January,15,19hours,Positive
362,366,Enthusiasm for learning new skills and expanding knowledge.      ,enthusiasm,2018-08-07 12:15:00, LifelongLearner , Twitter  , #Enthusiasm #SkillBuilding               ,30,60, India             ,2018,August,7,12hours,Positive
363,367,Surprise and delight at discovering a hidden gem in the city.    ,surprise,2019-10-18 16:45:00, CityExplorer    , Instagram , #Surprise #HiddenGem                      ,18,35, UK                ,2019,October,18,16hours,Positive
364,368,A sense of accomplishment after completing a challenging workout.,accomplishment,2022-06-30 07:00:00, FitnessAchiever , Facebook , #Accomplishment #FitnessSuccess         ,22,45, Australia          ,2022,June,30,7hours,Positive
365,369,Wonderment at the beauty of a double rainbow after the rain.     ,wonderment,2017-06-12 18:20:00, RainbowChaser   , Twitter  , #Wonderment #DoubleRainbow               ,35,70, USA               ,2017,June,12,18hours,Positive
366,370,Optimism for a bright future amidst challenging times.           ,optimism,2021-07-05 09:30:00, FutureOptimist  , Instagram , #Optimism #BrightFuture                  ,20,40, Canada            ,2021,July,5,9hours,Positive
367,371,Pride in achieving a personal milestone in career progression.   ,pride,2016-04-15 14:50:00, CareerAchiever  , Facebook , #Pride #CareerMilestone                  ,28,55, UK                ,2016,April,15,14hours,Positive
368,372,Happiness blooms like flowers in a garden on a sunny day.        ,happiness,2020-02-10 11:15:00, SunnyDayEnthusiast , Twitter  , #Happiness #SunnyDay                      ,15,30, India             ,2020,February,10,11hours,Positive
369,373,Elation over discovering a rare book in a quaint bookstore.      ,elation,2018-09-22 16:30:00, Bookworm        , Instagram , #Elation #RareBookDiscovery              ,40,80, USA               ,2018,September,22,16hours,Positive
370,374,Curiosity piqued by the mysteries of an ancient archaeological site.,curiosity,2015-11-08 10:00:00, ArchaeologyEnthusiast , Facebook , #Curiosity #AncientMysteries            ,18,35, Australia          ,2015,November,8,10hours,Positive
371,375,Mesmerized by the cosmic dance of fireflies on a moonlit night.    ,enchantment,2022-08-10 22:00:00, NightSkyObserver , Instagram , #Enchantment #CosmicFireflies             ,25,50, Brazil           ,2022,August,10,22hours,Positive
372,376,Intrigued by the symphony of colors in an abstract art exhibition. ,intrigue,2019-04-05 17:30:00, ArtConnoisseur  , Twitter  , #Intrigue #AbstractArt                   ,18,35, France           ,2019,April,5,17hours,Positive
373,377,Giggles and joy echo in the air during a children's playdate.      ,playfuljoy,2020-12-15 15:45:00, PlayfulParent   , Facebook , #PlayfulJoy #ChildrensPlaydate           ,22,45, Japan            ,2020,December,15,15hours,Positive
374,378,Enveloped in serenity while practicing mindfulness by the lake.    ,mindfulness,2017-10-20 08:15:00, ZenSeeker       , Instagram , #Mindfulness #LakeTranquility            ,35,70, Canada           ,2017,October,20,8hours,Positive
375,379,Chasing dreams like a kite soaring high in the vast open sky.      ,dreamchaser,2021-02-28 13:00:00, SkyDreamer      , Twitter  , #DreamChaser #SkyHighDreams              ,30,60, Australia         ,2021,February,28,13hours,Neutral
376,380,Spellbound by the elegance of a ballroom dance under crystal chandeliers. ,elegance,2018-06-12 20:30:00, DanceEnthusiast , Facebook , #Elegance #BallroomDance                ,28,55, UK               ,2018,June,12,20hours,Positive
377,381,Whimsical delight in a world of fairy tales and magical creatures.  ,whimsy,2016-03-08 14:20:00, FairyTaleExplorer , Instagram , #Whimsy #MagicalWorld                    ,20,40, USA             ,2016,March,8,14hours,Positive
378,382,Pensive contemplation amid the ancient ruins of a forgotten civilization. ,pensive,2023-04-18 17:10:00, RuinsExplorer   , Twitter  , #Pensive #AncientCivilization           ,18,35, Greece           ,2023,April,18,17hours,Neutral
379,383,Embracing the thrill of speed on a rollercoaster's exhilarating twists. ,thrill,2020-07-25 12:45:00, RollercoasterFan , Facebook , #Thrill #RollercoasterAdventure        ,22,45, Germany         ,2020,July,25,12hours,Positive
380,384,Harmony resonates as musicians play a melody of unity and togetherness. ,harmony,2019-11-30 19:30:00, MusicHarmonist  , Instagram , #Harmony #MusicalUnity                   ,35,70, Sweden          ,2019,November,30,19hours,Positive
381,385,A burst of creativity in the quiet solitude of an artist's studio.  ,creativity,2015-09-01 16:00:00, StudioArtist    , Twitter  , #Creativity #ArtistsHaven               ,15,30, Italy           ,2015,September,1,16hours,Positive
382,386,Radiant joy akin to blooming flowers on a sun-kissed spring morning. ,radiance,2022-05-05 10:15:00, SpringEnthusiast , Facebook , #Radiance #SpringBlooms                 ,25,50, Netherlands     ,2022,May,5,10hours,Positive
383,387,A sense of wonder at the vastness of the cosmos on a stargazing night. ,wonder,2018-07-08 23:00:00, CosmosExplorer  , Instagram , #Wonder #StargazingAdventure            ,40,80, South Africa    ,2018,July,8,23hours,Positive
384,388,Rejuvenated by the salty breeze and the sound of waves at the seaside. ,rejuvenation,2021-09-20 14:30:00, SeaBreezeLover , Twitter  , #Rejuvenation #SeasideEscape            ,18,35, Spain           ,2021,September,20,14hours,Positive
385,389,Whispers of inspiration from the rustling leaves in a serene forest. ,inspiration,2016-11-15 11:45:00, ForestDreamer   , Facebook , #Inspiration #ForestWhispers            ,28,55, Portugal        ,2016,November,15,11hours,Positive
386,390,Savoring the warmth of a cup of cocoa on a chilly winter evening.   ,coziness,2020-01-12 18:00:00, WinterWarmth    , Instagram , #Coziness #WarmWinterEvening           ,30,60, Switzerland     ,2020,January,12,18hours,Positive
387,391,Heartfelt gratitude for the laughter shared during a family reunion. ,gratitude,2017-12-28 19:15:00, FamilyGatherer , Facebook , #Gratitude #FamilyLaughter              ,22,45, Austria         ,2017,December,28,19hours,Positive
388,392,"Embarking on a culinary adventure, savoring exotic flavors around the world. ",adventure,2019-03-02 20:20:00, CulinaryExplorer , Twitter  , #Adventure #CulinaryJourney             ,35,70, Belgium         ,2019,March,2,20hours,Positive
389,393,Euphoria floods in as the final puzzle piece clicks into place.       ,euphoria,2022-06-08 15:30:00, PuzzleSolver    , Instagram , #Euphoria #PuzzleCompletion            ,20,40, Denmark         ,2022,June,8,15hours,Positive
390,394,Awe-inspired by the grandeur of an ancient cathedral's intricate architecture. ,awe,2018-08-18 14:45:00, CathedralVisitor , Facebook , #Awe #ArchitecturalGrandeur            ,18,35, Czech Republic  ,2018,August,18,14hours,Positive
391,395,Captivated by the ethereal beauty of a field filled with fireflies. ,enchantment,2022-08-10 22:00:00, NightSkyObserver , Instagram , #Enchantment #FireflyField              ,25,50, Brazil           ,2022,August,10,22hours,Positive
392,396,Immersed in the enchanting melodies of a street musician's violin. ,melodic,2019-04-05 17:30:00, MusicLover      , Twitter  , #Melodic #StreetMusic                   ,18,35, France           ,2019,April,5,17hours,Positive
393,397,Joyful laughter resonates through a lively summer carnival.         ,festivejoy,2020-12-15 15:45:00, CarnivalGoer    , Facebook , #FestiveJoy #SummerCarnival             ,22,45, Japan            ,2020,December,15,15hours,Positive
394,398,Exploring the universe within during a mindful meditation session. ,innerjourney,2017-10-20 08:15:00, MindfulExplorer , Instagram , #InnerJourney #MeditationBliss          ,35,70, Canada           ,2017,October,20,8hours,Neutral
395,399,Soaring like a free spirit on the winds of a coastal cliff.        ,freedom,2021-02-28 13:00:00, CoastalExplorer , Twitter  , #Freedom #CoastalAdventure              ,30,60, Australia         ,2021,February,28,13hours,Positive
396,400,Dazzled by the elegance of a masquerade ball's dazzling costumes. ,dazzle,2018-06-12 20:30:00, MasqueradeAttendee , Facebook , #Dazzle #MasqueradeElegance            ,28,55, UK               ,2018,June,12,20hours,Positive
397,401,Whimsical delight in a world of whimsical fairy tales.             ,whimsy,2016-03-08 14:20:00, FairyTaleAdventurer , Instagram , #Whimsy #FairyTaleMagic                 ,20,40, USA             ,2016,March,8,14hours,Positive
398,402,Reflective contemplation amid the ruins of a forgotten era.        ,reflection,2023-04-18 17:10:00, RuinsExplorer   , Twitter  , #Reflection #ForgottenEra               ,18,35, Greece           ,2023,April,18,17hours,Neutral
399,403,Riding the adrenaline rush on a rollercoaster's wild twists.      ,adrenaline,2020-07-25 12:45:00, ThrillSeeker    , Facebook , #Adrenaline #RollercoasterThrills      ,22,45, Germany         ,2020,July,25,12hours,Positive
400,404,Harmony resonates as musicians play a symphony of unity.           ,harmony,2019-11-30 19:30:00, MusicHarmonist  , Instagram , #Harmony #MusicalUnity                   ,35,70, Sweden          ,2019,November,30,19hours,Positive
401,405,A burst of artistic creativity in the quietude of an artist's studio. ,artisticburst,2015-09-01 16:00:00, StudioArtist    , Twitter  , #ArtisticBurst #StudioCreativity       ,15,30, Italy           ,2015,September,1,16hours,Positive
402,406,Radiant joy akin to blossoming flowers on a sunlit spring morning. ,radiance,2022-05-05 10:15:00, SpringEnthusiast , Facebook , #Radiance #SpringBlooms                 ,25,50, Netherlands     ,2022,May,5,10hours,Positive
403,407,Awe-inspired by the vastness of the cosmos on a stargazing night.   ,wonder,2018-07-08 23:00:00, CosmosExplorer  , Instagram , #Wonder #StargazingAdventure            ,40,80, South Africa    ,2018,July,8,23hours,Positive
404,408,Rejuvenated by the salty breeze and the sound of waves at the seaside. ,rejuvenation,2021-09-20 14:30:00, SeaBreezeLover , Twitter  , #Rejuvenation #SeasideEscape            ,18,35, Spain           ,2021,September,20,14hours,Positive
405,409,Whispers of inspiration from the rustling leaves in a serene forest. ,inspiration,2016-11-15 11:45:00, ForestDreamer   , Facebook , #Inspiration #ForestWhispers            ,28,55, Portugal        ,2016,November,15,11hours,Positive
406,410,Savoring the warmth of a cup of cocoa on a chilly winter evening.   ,coziness,2020-01-12 18:00:00, WinterWarmth    , Instagram , #Coziness #WarmWinterEvening           ,30,60, Switzerland     ,2020,January,12,18hours,Positive
407,411,Heartfelt gratitude for the laughter shared during a family reunion. ,gratitude,2017-12-28 19:15:00, FamilyGatherer , Facebook , #Gratitude #FamilyLaughter              ,22,45, Austria         ,2017,December,28,19hours,Positive
408,412,"Embarking on a culinary odyssey, savoring flavors around the world. ",culinaryodyssey,2019-03-02 20:20:00, CulinaryExplorer , Twitter  , #CulinaryOdyssey #FlavorsAroundTheWorld ,35,70, Belgium         ,2019,March,2,20hours,Positive
409,413,Euphoria floods in as the final puzzle piece fits perfectly.       ,euphoria,2022-06-08 15:30:00, PuzzleSolver    , Instagram , #Euphoria #PerfectPuzzle               ,20,40, Denmark         ,2022,June,8,15hours,Positive
410,414,Awe-struck by the grandeur of an ancient cathedral's intricate architecture. ,awe,2018-08-18 14:45:00, CathedralVisitor , Facebook , #Awe #ArchitecturalGrandeur            ,18,35, Czech Republic  ,2018,August,18,14hours,Positive
411,415,Curiosity awakened by the mysteries of an ancient archaeological site. ,curiosity,2015-11-08 10:00:00, ArchaeologyEnthusiast , Instagram , #Curiosity #AncientMysteries          ,18,35, Australia ,2015,November,8,10hours,Positive
412,416,Giddy with excitement as the first snowflakes dance from the sky. ,excitement,2020-12-02 17:30:00, SnowfallEnthusiast , Twitter  , #Excitement #SnowfallMagic             ,22,45, Canada         ,2020,December,2,17hours,Positive
413,417,Contentment envelops as the aroma of freshly baked bread fills the air. ,contentment,2017-06-10 12:15:00, BreadLover     , Instagram , #Contentment #FreshBreadAroma          ,28,55, France          ,2017,June,10,12hours,Positive
414,418,Inspired by the resilience of a lone tree standing tall in a storm. ,resilience,2021-04-15 14:20:00, NatureResilient , Facebook , #Resilience #StandingTall              ,35,70, USA             ,2021,April,15,14hours,Positive
415,419,"Lost in the pages of a captivating novel, transported to another world. ",immersion,2019-09-28 19:45:00, Bookworm       , Twitter  , #Immersion #CaptivatingNovel           ,20,40, UK              ,2019,September,28,19hours,Positive
416,420,Drenched in nostalgia while flipping through an old family photo album. ,nostalgia,2016-12-05 21:00:00, FamilyHistorian , Instagram , #Nostalgia #FamilyPhotoAlbum           ,25,50, India          ,2016,December,5,21hours,Neutral
417,421,Spark of inspiration ignites like a shooting star in the night sky. ,spark,2018-02-10 23:30:00, NightSkyWatcher , Facebook , #Spark #InspirationIgnited             ,30,60, Australia      ,2018,February,10,23hours,Positive
418,422,Imbued with gratitude for the simple pleasure of a warm cup of tea. ,gratitude,2023-02-15 08:30:00, TeaEnthusiast  , Twitter  , #Gratitude #WarmTea                    ,18,35, Japan           ,2023,February,15,8hours,Positive
419,423,Marveling at the kaleidoscope of colors in a vibrant street market. ,marvel,2015-08-22 15:00:00, MarketExplorer , Instagram , #Marvel #ColorfulStreetMarket          ,22,45, Brazil          ,2015,August,22,15hours,Positive
420,424,Awash with serenity as the sun sets over a tranquil lakeside retreat. ,serenity,2020-11-20 18:45:00, LakesideRetreater , Facebook , #Serenity #TranquilSunset              ,28,55, Germany       ,2020,November,20,18hours,Positive
421,425,Drowning in sorrow as memories of lost love resurface.            ,heartbreak,2019-08-05 21:00:00, LostInLove      , Instagram , #Heartbreak #LostLove                    ,15,30, USA             ,2019,August,5,21hours,Negative
422,426,Numbness sets in as the weight of loneliness grows heavier.       ,loneliness,2021-02-12 16:45:00, SolitudeSeeker , Twitter  , #Loneliness #HeavyHeart                  ,18,35, Canada          ,2021,February,12,16hours,Negative
423,427,"Tears fall like raindrops, mourning the end of a cherished friendship. ",grief,2020-11-28 14:20:00, FriendshipsEnd  , Facebook , #Grief #LostFriendship                  ,22,45, UK              ,2020,November,28,14hours,Negative
424,428,"Despair clouds the mind, feeling adrift in an endless sea of darkness. ",despair,2016-05-15 22:30:00, LostInDarkness  , Instagram , #Despair #EndlessDarkness               ,28,55, Australia        ,2016,May,15,22hours,Negative
425,429,"Shattered by betrayal, trust crumbles like fragile glass.          ",betrayal,2018-09-10 13:15:00, BrokenTrust     , Twitter  , #Betrayal #ShatteredTrust               ,22,45, Germany         ,2018,September,10,13hours,Negative
426,430,"Aching heart, the symphony of pain plays in the silence of solitude. ",suffering,2022-03-20 19:30:00, SilentSufferer  , Facebook , #Suffering #HeartacheSymphony          ,25,50, Brazil          ,2022,March,20,19hours,Negative
427,431,"Emotional storm, a whirlwind of sadness engulfs every thought.    ",emotionalstorm,2017-07-18 17:45:00, StormyFeelings  , Instagram , #EmotionalStorm #SadnessWhirlwind      ,30,60, India          ,2017,July,18,17hours,Negative
428,432,"Haunted by regrets, the ghost of the past lingers relentlessly.   ",regret,2018-12-15 10:00:00, LingeringGhost  , Twitter  , #Regret #HauntedPast                    ,18,35, France         ,2018,December,15,10hours,Negative
429,433,"Torn apart by grief, the echoes of loss reverberate through the soul. ",grief,2015-06-28 21:15:00, EchoesOfLoss    , Facebook , #Grief #TornApart                       ,28,55, Italy         ,2015,June,28,21hours,Negative
430,434,"Isolation deepens, an emotional winter where warmth is but a distant memory. ",isolation,2020-04-02 14:20:00, WinterOfEmotions , Instagram , #Isolation #EmotionalWinter            ,35,70, Japan       ,2020,April,2,14hours,Negative
431,435,"Soul-crushing disappointment, hopes shattered like fragile glass. ",disappointment,2019-10-08 18:30:00, ShatteredHopes  , Twitter  , #Disappointment #CrushedHopes          ,20,40, Spain        ,2019,October,8,18hours,Negative
432,436,"Painful echoes of a love once cherished, now lost in the abyss of time. ",lostlove,2016-11-22 09:45:00, AbyssOfTime     , Facebook , #LostLove #PainfulEchoes               ,22,45, Netherlands  ,2016,November,22,9hours,Negative
433,437,"Heartache deepens, a solitary journey through the abyss of despair. ",despair,2022-08-18 22:00:00, SolitaryDescent , Instagram , #Despair #AbyssOfHeartache             ,40,80, South Africa ,2022,August,18,22hours,Negative
434,438,"Melancholy lingers, a bittersweet serenade in the quietude of solitude. ",melancholy,2017-03-12 23:30:00, SerenadeOfSolitude , Twitter , #Melancholy #QuietSerenade             ,18,35, UK         ,2017,March,12,23hours,Negative
435,439,"Bitterness like a poison, seeping into every crevice of the wounded heart. ",bitterness,2015-12-15 16:15:00, PoisonedHeart   , Facebook , #Bitterness #WoundedHeart              ,25,50, Australia   ,2015,December,15,16hours,Negative
436,440,"Emotional exhaustion, the weight of the world crushing weary shoulders. ",exhaustion,2021-09-05 13:30:00, WearySoulCrushed , Instagram , #Exhaustion #CrushedSpirit             ,35,70, Canada     ,2021,September,5,13hours,Negative
437,441,"Sorrowful echoes, a symphony of pain played by the strings of loss. ",sorrow,2018-05-22 20:45:00, StringsOfSorrow , Twitter  , #Sorrow #SymphonyOfLoss                ,18,35, Germany     ,2018,May,22,20hours,Negative
438,442,"Darkness descends, engulfing the soul in the shadows of despair.  ",darkness,2016-07-10 18:20:00, SoulInShadow    , Facebook , #Darkness #SoulEngulfed                 ,28,55, USA         ,2016,July,10,18hours,Negative
439,443,"Desperation whispers, the silent plea for a glimmer of hope in the abyss. ",desperation,2019-04-30 14:00:00, WhisperedDespair , Instagram , #Desperation #GlimmerOfHope            ,22,45, France    ,2019,April,30,14hours,Negative
440,444,"Heart in ruins, the remnants of shattered dreams scattered in the wind. ",ruins,2022-01-08 11:30:00, DreamsInWind    , Twitter  , #Ruins #ShatteredDreams                ,20,40, Brazil     ,2022,January,8,11hours,Neutral
441,445,"Shattered by the echoes of a shattered dream, fragments of hope scattered. ",desolation,2017-09-10 19:15:00, DreamEchoes , Twitter , #Desolation #ScatteredHope ,20,40, Australia ,2017,September,10,19hours,Negative
442,446,"Avoiding the thorns of regret, walking barefoot on the path of remorse. ",regret,2022-04-18 11:30:00, RemorseWalker , Instagram , #Regret #PathOfRemorse ,25,50, Canada ,2022,April,18,11hours,Negative
443,447,"In the labyrinth of grief, the walls echo with the footsteps of lost joy. ",grief,2018-12-05 21:45:00, JoyLabyrinth , Facebook , #Grief #LostJoyFootsteps ,18,35, USA ,2018,December,5,21hours,Negative
444,448,"A soul adrift in the sea of solitude, waves of loneliness crashing relentlessly. ",loneliness,2016-06-28 14:20:00, SolitudeSeas , Twitter , #Loneliness #CrashingWaves ,22,45, UK ,2016,June,28,14hours,Negative
445,449,"The bitterness of betrayal, a taste that lingers, staining the palate of trust. ",bitterness,2019-10-22 17:00:00, PalateStainer , Instagram , #Bitterness #StainedTrust ,15,30, Germany ,2019,October,22,17hours,Negative
446,450,"In the ruins of hope, echoes of shattered dreams whisper tales of loss. ",desolation,2021-03-15 22:45:00, HopeRuins , Facebook , #Desolation #WhisperedLoss ,28,55, Brazil ,2021,March,15,22hours,Negative
447,451,"Sinking like a stone in the ocean of heartbreak, each ripple a sigh of despair. ",heartbreak,2017-08-10 19:30:00, OceanSinker , Twitter , #Heartbreak #RippleOfDespair ,22,45, France ,2017,August,10,19hours,Negative
448,452,"Tears, the ink staining the pages of a journal, a testament to silent grief. ",grief,2023-01-28 14:30:00, InkJournalist , Instagram , #Grief #SilentTears ,30,60, India ,2023,January,28,14hours,Negative
449,453,"In the wasteland of lost trust, the echoes of broken promises reverberate. ",betrayal,2016-12-12 10:00:00, TrustWasteland , Facebook , #Betrayal #ReverberatingPromises ,25,50, Italy ,2016,December,12,10hours,Negative
450,454,"Avoiding the shards of shattered dreams, walking the tightrope of resilience. ",resilience,2020-07-18 15:15:00, DreamTightrope , Twitter , #Resilience #TightropeWalk ,35,70, Japan ,2020,July,18,15hours,Positive
451,455,"Suffocating in the silence of solitude, where echoes of laughter once thrived. ",isolation,2022-05-20 20:30:00, EchoedLaughter , Instagram , #Isolation #SilentSolitude ,30,60, South Africa ,2022,May,20,20hours,Negative
452,456,"Haunted by the specter of lost possibilities, a ghost that refuses to fade away. ",regret,2019-11-08 14:45:00, PossibilityGhost , Twitter , #Regret #FadingPossibilities ,18,35, Spain ,2019,November,8,14hours,Negative
453,457,"In the labyrinth of despair, the echoes of a broken heart reverberate endlessly. ",despair,2017-03-28 22:00:00, EndlessLabyrinth , Facebook , #Despair #EndlessReverberation ,28,55, Australia ,2017,March,28,22hours,Negative
454,458,"Sinking like autumn leaves in the river of sorrow, carried away by the current. ",sorrow,2020-09-15 18:15:00, RiverOfSorrow , Instagram , #Sorrow #AutumnLeaves ,22,45, Canada ,2020,September,15,18hours,Negative
455,459,"In the garden of broken dreams, petals fall, a silent testimony to shattered hopes. ",desolation,2018-06-10 13:30:00, DreamGardener , Twitter , #Desolation #ShatteredHopes ,20,40, UK ,2018,June,10,13hours,Negative
456,460,"Tears, the currency of grief, spent in the marketplace of lost love and longing. ",grief,2016-12-22 21:45:00, CurrencyOfTears , Facebook , #Grief #LostLoveLonging ,25,50, USA ,2016,December,22,21hours,Negative
457,461,"Wandering in the maze of betrayal, the walls closing in with every wrong turn. ",betrayal,2021-01-05 16:20:00, MazeWanderer , Instagram , #Betrayal #ClosingWalls ,15,30, Germany ,2021,January,5,16hours,Negative
458,462,"A soul weathered by the storm of heartbreak, seeking refuge in the calm after. ",heartbreak,2019-04-18 11:00:00, StormSeeker , Twitter , #Heartbreak #CalmAfterStorm ,22,45, Brazil ,2019,April,18,11hours,Negative
459,463,"In the tapestry of despair, threads of hope unravel, leaving a portrait of sorrow. ",despair,2017-08-28 19:30:00, TapestrySorrow , Facebook , #Despair #UnraveledHope ,18,35, India ,2017,August,28,19hours,Negative
460,464,"Like a withered rose in the garden of love, petals fall, a silent surrender to time. ",loss,2023-02-10 14:30:00, WitheredRose , Instagram , #Loss #SilentSurrender ,28,55, France ,2023,February,10,14hours,Negative
461,465,"In the void of heartache, echoes of a love song play, each note a pang of longing. ",heartache,2022-07-10 22:15:00, LoveSongEcho , Instagram , #Heartache #LoveSongLonging ,30,60, Japan ,2022,July,10,22hours,Negative
462,466,"Nostalgia, a bittersweet dance in the moonlit ballroom of cherished memories. ",nostalgia,2019-05-15 21:30:00, MoonlitMemories , Twitter , #Nostalgia #CherishedMemories ,18,35, Italy ,2019,May,15,21hours,Neutral
463,467,"In the symphony of grief, each tear is a note, composing a melancholic melody. ",grief,2018-11-28 14:00:00, SymphonyOfTears , Facebook , #Grief #MelancholicMelody ,22,45, Germany ,2018,November,28,14hours,Negative
464,468,"Betrayal, a venomous serpent slithering through the garden of trust, poisoning roots. ",betrayal,2021-03-02 17:45:00, VenomousGarden , Instagram , #Betrayal #PoisonedTrust ,25,50, Canada ,2021,March,2,17hours,Negative
465,469,"Sinking in the quicksand of despair, the harder you fight, the deeper you descend. ",despair,2016-10-18 19:30:00, QuicksandFighter , Twitter , #Despair #DeepDescent ,20,40, USA ,2016,October,18,19hours,Negative
466,470,"Wandering through the cemetery of lost dreams, tombstones marking untold sorrows. ",desolation,2020-08-15 12:30:00, DreamCemetery , Facebook , #Desolation #UntoldSorrows ,28,55, France ,2020,August,15,12hours,Negative
467,471,"Swept away by the river of regret, the currents of the past refusing to release. ",regret,2017-04-28 16:20:00, RegretRiver , Instagram , #Regret #PastCurrents ,18,35, UK ,2017,April,28,16hours,Negative
468,472,"Whispers of lost love linger in the attic of the heart, forgotten but not erased. ",loss,2019-09-10 21:00:00, HeartAttic , Twitter , #Loss #ForgottenLove ,22,45, Australia ,2019,September,10,21hours,Negative
469,473,"In the gallery of broken promises, each shattered vow framed, a painful exhibition. ",betrayal,2022-01-28 13:45:00, PromiseGallery , Facebook , #Betrayal #ShatteredVows ,15,30, Brazil ,2022,January,28,13hours,Negative
470,474,"The echoes of solitude, a silent conversation between a soul and its shadows. ",solitude,2016-06-15 22:30:00, EchoedConversation , Instagram , #Solitude #ShadowConversation ,30,60, Spain ,2016,June,15,22hours,Negative
471,475,"Dancing on sunshine, each step a celebration of the joy found in simple moments. ",joy,2021-08-20 15:45:00, SunshineDancer , Instagram , #Joy #SimpleMoments ,40,80, USA ,2021,August,20,15hours,Positive
472,476,"Laughter echoes in the air, a chorus of happiness that lifts the spirit higher. ",happiness,2018-04-12 18:30:00, EchoedLaughter , Twitter , #Happiness #SpiritLifter ,35,70, Canada ,2018,April,12,18hours,Positive
473,477,"In the garden of contentment, each bloom whispers tales of inner peace and joy. ",contentment,2022-02-15 12:20:00, GardenOfJoy , Facebook , #Contentment #InnerPeace ,25,50, UK ,2022,February,15,12hours,Positive
474,478,"Chasing dreams under the vibrant sky, a journey fueled by hope and enthusiasm. ",enthusiasm,2019-10-28 14:15:00, DreamChaser , Instagram , #Enthusiasm #HopefulJourney ,30,60, Australia ,2019,October,28,14hours,Positive
475,479,"Serenading the stars with a heart full of gratitude, a melody of thankfulness. ",gratitude,2017-12-22 21:00:00, StarSerenader , Twitter , #Gratitude #ThankfulMelody ,22,45, India ,2017,December,22,21hours,Positive
476,480,"Basking in the glow of accomplishment, each milestone a stepping stone to happiness. ",accomplishment,2020-06-10 17:30:00, GlowAchiever , Facebook , #Accomplishment #HappinessMilestone ,28,55, Germany ,2020,June,10,17hours,Positive
477,481,"In the dance of positivity, every step is a rhythm, uplifting the soul in harmony. ",positivity,2016-09-18 19:45:00, DanceHarmony , Instagram , #Positivity #SoulUpliftment ,18,35, France ,2016,September,18,19hours,Positive
478,482,"Overflowing with joy, a cup of laughter shared with friends, a moment cherished. ",joy,2023-03-10 14:30:00, LaughterCup , Twitter , #Joy #CherishedMoment ,20,40, Japan ,2023,March,10,14hours,Positive
479,483,"Draped in the warmth of kindness, a quilt of compassion stitched with love. ",kindness,2019-05-05 12:15:00, QuiltedCompassion , Facebook , #Kindness #LoveStitches ,25,50, Brazil ,2019,May,5,12hours,Positive
480,484,"In the garden of friendships, each bloom a testament to the beauty of camaraderie. ",friendship,2018-08-28 16:00:00, FriendshipGarden , Instagram , #Friendship #CamaraderieBlooms ,30,60, South Africa ,2018,August,28,16hours,Positive
481,485,"In the embrace of love, each heartbeat is a melody, dancing to the rhythm of affection. ",love,2022-11-15 20:45:00, MelodyOfLove , Twitter , #Love #RhythmOfAffection ,35,70, USA ,2022,November,15,20hours,Positive
482,486,"Surrounded by the colors of joy, a canvas painted with laughter and endless smiles. ",joy,2019-07-02 17:00:00, ColorfulLaughter , Instagram , #Joy #EndlessSmiles ,40,80, Canada ,2019,July,2,17hours,Positive
483,487,"In the symphony of excitement, each note is a burst of energy, igniting the soul with fervor. ",excitement,2021-04-18 14:20:00, SymphonyFervor , Facebook , #Excitement #IgnitedSoul ,30,60, UK ,2021,April,18,14hours,Positive
484,488,"A surprise gift, wrapped in anticipation, unfolds a moment of delight and wonder. ",surprise,2023-02-05 19:30:00, WrappedDelight , Twitter , #Surprise #WonderfulMoment ,25,50, Australia ,2023,February,5,19hours,Positive
485,489,"Lost in the maze of curiosity, each twist and turn unveils the treasures of discovery. ",curiosity,2018-09-22 12:45:00, MazeDiscovery , Instagram , #Curiosity #TreasuresOfDiscovery ,22,45, India ,2018,September,22,12hours,Positive
486,490,"Floating on clouds of gratitude, each raindrop a blessing, a shower of thankfulness. ",gratitude,2016-12-10 21:15:00, CloudsOfBlessings , Facebook , #Gratitude #ShowerOfThankfulness ,28,55, Germany ,2016,December,10,21hours,Positive
487,491,"Like a comet of inspiration, streaking through the sky of creativity, leaving trails of brilliance. ",inspiration,2020-05-28 16:00:00, CometCreativity , Twitter , #Inspiration #BrilliantTrails ,18,35, France ,2020,May,28,16hours,Positive
488,492,"In the celebration of success, fireworks of accomplishment light up the night sky of triumph. ",success,2017-11-15 22:30:00, FireworksTriumph , Instagram , #Success #NightSkyTriumph ,22,45, Japan ,2017,November,15,22hours,Positive
489,493,"A symphony of laughter, each note a key to unlocking the door of boundless happiness. ",happiness,2021-08-02 19:00:00, LaughterSymphony , Facebook , #Happiness #BoundlessLaughter ,30,60, Brazil ,2021,August,2,19hours,Positive
490,494,"In the carnival of emotions, the rollercoaster of thrill sends the heart on a wild ride. ",thrill,2019-03-28 15:30:00, EmotionCarnival , Instagram , #Thrill #WildHeartRide ,35,70, South Africa ,2019,March,28,15hours,Positive
491,495,"Standing before the grandeur of the Eiffel Tower, a moment to reflect on the beauty of Parisian dreams. ",reflection,2018-05-12 17:30:00, ParisDreamer , Twitter , #Reflection #ParisianDreams ,28,55, France ,2018,May,12,17hours,Neutral
492,496,"Lost in the enchantment of Disneyland, each ride a journey into the realm of childhood fantasies. ",enchantment,2022-09-28 15:45:00, DisneylandExplorer , Instagram , #Enchantment #ChildhoodFantasies ,30,60, USA ,2022,September,28,15hours,Positive
493,497,"Exploring the wonders of Ferrari World, the roar of engines creating a symphony of speed. ",excitement,2019-11-10 14:00:00, FerrariSpeedster , Facebook , #Excitement #SymphonyOfSpeed ,22,45, Italy ,2019,November,10,14hours,Positive
494,498,"Amidst the tulip fields of Keukenhof, a tapestry of colors that paints the soul with springtime joy. ",joy,2021-04-02 18:20:00, KeukenhofAdventurer , Instagram , #Joy #SpringtimeColors ,35,70, Netherlands ,2021,April,2,18hours,Positive
495,499,"Wandering through the historical streets of Kyoto, each step a journey into the heart of Japan's traditions. ",exploration,2017-08-22 21:30:00, KyotoAdventurer , Twitter , #Exploration #JapaneseTraditions ,18,35, Japan ,2017,August,22,21hours,Positive
496,500,"In the embrace of the Grand Canyon, nature's masterpiece, a moment to marvel at Earth's grandeur. ",awe,2020-06-15 16:45:00, CanyonMarveler , Instagram , #Awe #EarthsGrandeur ,25,50, USA ,2020,June,15,16hours,Positive
497,501,"Journeying through the serenity of Santorini, where each sunset paints the sky with hues of tranquility. ",serenity,2016-09-10 19:15:00, SantoriniTraveler , Facebook , #Serenity #SunsetHues ,22,45, Greece ,2016,September,10,19hours,Positive
498,502,"Amazed by the architectural marvels of Petra, each stone telling tales of an ancient civilization. ",amazement,2023-01-28 13:00:00, PetraExplorer , Twitter , #Amazement #AncientTales ,30,60, Jordan ,2023,January,28,13hours,Positive
499,503,"Embarking on a gondola ride in Venice, each canal reflecting the romance of this timeless city. ",romance,2019-04-18 16:30:00, VeniceRomantic , Instagram , #Romance #TimelessCity ,20,40, Italy ,2019,April,18,16hours,Positive
500,504,"At the summit of Machu Picchu, a breathtaking panorama that whispers the secrets of ancient civilizations. ",awe,2017-11-05 22:00:00, MachuPicchuAdventurer , Facebook , #Awe #AncientCivilizations ,28,55, Peru ,2017,November,5,22hours,Positive
501,505,"In the heart of New York City, Times Square dazzles with lights, a vibrant spectacle of urban energy. ",excitement,2022-07-20 21:45:00, TimesSquareExplorer , Instagram , #Excitement #UrbanEnergy ,35,70, USA ,2022,July,20,21hours,Positive
502,506,"Captivated by the historical charm of the Colosseum, each stone echoing tales of gladiator valor. ",captivation,2018-03-15 17:30:00, ColosseumAdventurer , Twitter , #Captivation #GladiatorTales ,25,50, Italy ,2018,March,15,17hours,Positive
503,507,"Sailing the azure waters of the Maldives, each wave a whisper of serenity in paradise. ",serenity,2019-10-28 14:15:00, MaldivesSailor , Facebook , #Serenity #ParadiseWhispers ,22,45, Maldives ,2019,October,28,14hours,Positive
504,508,"In the midst of the Amazon rainforest, a symphony of wildlife creates an orchestra of nature's wonders. ",wonder,2021-06-10 16:00:00, AmazonExplorer , Instagram , #Wonder #NatureOrchestra ,30,60, Brazil ,2021,June,10,16hours,Positive
505,509,"Walking the Great Wall of China, each step a testament to ancient engineering marvels. ",awe,2017-08-18 19:30:00, GreatWallWalker , Twitter , #Awe #EngineeringMarvels ,18,35, China ,2017,August,18,19hours,Positive
506,510,"At the summit of Mount Fuji, a breathtaking sunrise that paints the sky with hues of accomplishment. ",accomplishment,2020-04-15 05:30:00, FujiSummitAchiever , Facebook , #Accomplishment #SunriseHues ,28,55, Japan ,2020,April,15,5hours,Positive
507,511,"Exploring the ancient ruins of Angkor Wat, each stone whispering stories of Khmer civilization. ",exploration,2016-11-22 13:00:00, AngkorWatAdventurer , Instagram , #Exploration #KhmerStories ,20,40, Cambodia ,2016,November,22,13hours,Positive
508,512,"Skiing down the slopes of the Swiss Alps, each turn a dance with the majesty of snow-capped peaks. ",adventure,2019-01-10 14:45:00, AlpsSkiAdventurer , Twitter , #Adventure #SnowPeakDance ,22,45, Switzerland ,2019,January,10,14hours,Positive
509,513,"In the tranquility of Kyoto's bamboo forest, whispers of ancient Zen wisdom echo through the groves. ",tranquility,2023-02-28 16:20:00, KyotoBambooSeeker , Facebook , #Tranquility #ZenWisdom ,25,50, Japan ,2023,February,28,16hours,Positive
510,514,"Cruising the fjords of Norway, each icy landscape a breathtaking masterpiece of nature's grandeur. ",grandeur,2018-05-28 18:30:00, NorwayFjordExplorer , Instagram , #Grandeur #IcyMasterpiece ,22,45, Norway ,2018,May,28,18hours,Positive
511,515,"At the front row of Adele's concert, each note of 'Someone Like You' resonates with soul-stirring emotion. ",emotion,2022-09-15 20:00:00, AdeleConcertGoer , Instagram , #Emotion #AdeleConcert ,40,80, USA ,2022,September,15,20hours,Neutral
512,516,"Dancing under the stars at Beyoncé's live show, feeling the power of 'Single Ladies' in every move. ",energy,2019-07-28 21:30:00, BeyonceDancer , Twitter , #Energy #BeyonceConcert ,35,70, USA ,2019,July,28,21hours,Positive
513,517,"In the crowd of a Taylor Swift concert, the lyrics of 'Love Story' create an enchanting fairy tale. ",enchantment,2021-05-10 19:45:00, SwiftieDreamer , Facebook , #Enchantment #TaylorSwift ,30,60, USA ,2021,May,10,19hours,Positive
514,518,"Rocking out to the guitar solos at a Queen tribute concert, a journey back in time with Freddie's spirit. ",nostalgia,2018-12-02 22:15:00, QueenTributeFan , Instagram , #Nostalgia #QueenTribute ,22,45, UK ,2018,December,2,22hours,Neutral
515,519,"Swaying to Ed Sheeran's acoustic melodies, a serene evening filled with 'Perfect' moments. ",serenity,2020-08-18 19:00:00, SheeranMelodyLover , Twitter , #Serenity #EdSheeranConcert ,18,35, UK ,2020,August,18,19hours,Positive
516,520,"Immersed in the pulsating beats of a Bruno Mars concert, where 'Uptown Funk' becomes a city of joy. ",joy,2017-03-28 20:30:00, MarsJoyExplorer , Facebook , #Joy #BrunoMars ,28,55, USA ,2017,March,28,20hours,Positive
517,521,"At a Michael Jackson tribute show, moonwalking through the hits, a celebration of the King of Pop. ",celebration,2022-01-15 21:15:00, MJTributeDancer , Instagram , #Celebration #MJTribute ,25,50, USA ,2022,January,15,21hours,Positive
518,522,"Swinging to the rhythms of a Frank Sinatra tribute, feeling the timeless charm of 'Fly Me to the Moon'. ",charm,2019-06-10 18:45:00, SinatraCharmListener , Twitter , #Charm #SinatraTribute ,22,45, USA ,2019,June,10,18hours,Positive
519,523,"In the mosh pit of a Metallica concert, the thunderous chords create a symphony of headbanging ecstasy. ",ecstasy,2023-03-20 22:30:00, MetallicaMoshWarrior , Facebook , #Ecstasy #MetallicaConcert ,35,70, USA ,2023,March,20,22hours,Positive
520,524,"Experiencing the magic of a Coldplay concert, where 'Fix You' becomes a beacon of hope in the night. ",hope,2016-11-28 19:00:00, ColdplayHopeSeeker , Instagram , #Hope #ColdplayMagic ,30,60, UK ,2016,November,28,19hours,Positive
521,525,"At a Justin Bieber concert, the infectious beats of 'Baby' create a dance floor of unbridled enthusiasm. ",enthusiasm,2018-08-05 20:00:00, BieberDanceEnthusiast , Instagram , #Enthusiasm #JustinBieber ,40,80, Canada ,2018,August,5,20hours,Positive
522,526,"In the spotlight at a Lady Gaga show, each costume change is a metamorphosis of creativity and artistry. ",creativity,2021-04-15 21:30:00, GagaArtisticChameleon , Twitter , #Creativity #LadyGaga ,35,70, USA ,2021,April,15,21hours,Positive
523,527,"Immersed in the soulful melodies of Adele, tears flow freely, moved by the emotion of 'Hello'. ",emotion,2019-11-28 19:45:00, AdeleMelodyTearjerker , Facebook , #Emotion #AdeleMelodies ,30,60, UK ,2019,November,28,19hours,Neutral
524,528,"Drenched in confetti at a Katy Perry concert, a kaleidoscope of colors igniting the night sky. ",colorful,2020-06-22 22:00:00, KatyPerryColorExplosion , Instagram , #Colorful #KatyPerry ,22,45, USA ,2020,June,22,22hours,Positive
525,529,"In the audience of a Jay-Z performance, the lyrics of 'Empire State of Mind' become an anthem of pride. ",pride,2017-09-10 20:15:00, JayZEmpireListener , Twitter , #Pride #JayZAnthem ,18,35, USA ,2017,September,10,20hours,Positive
526,530,"Dancing to Shakira's rhythmic beats, hips swaying to the hypnotic charm of 'Hips Don't Lie'. ",hypnotic,2022-02-28 21:15:00, ShakiraHipsDancer , Facebook , #Hypnotic #ShakiraRhythms ,28,55, Colombia ,2022,February,28,21hours,Positive
527,531,"At a U2 concert, the anthemic chords of 'With or Without You' create a timeless moment of connection. ",connection,2016-05-15 19:30:00, U2ConnectionSeeker , Instagram , #Connection #U2Anthem ,25,50, Ireland ,2016,May,15,19hours,Positive
528,532,"Rocking out at a Guns N' Roses show, the iconic riffs of 'Sweet Child o' Mine' echoing in the night. ",iconic,2018-12-10 22:30:00, GunsNRosesRiffRockstar , Twitter , #Iconic #GNRConcert ,22,45, USA ,2018,December,10,22hours,Neutral
529,533,"In the crowd of an Ariana Grande concert, the high notes of 'Into You' create a euphoric symphony. ",euphoria,2023-01-22 20:00:00, ArianaEuphoriaChaser , Facebook , #Euphoria #ArianaGrande ,35,70, USA ,2023,January,22,20hours,Positive
530,534,"Swaying to the reggae vibes of Bob Marley's tribute concert, each chord a journey to Jamaica's soul. ",journey,2020-03-05 18:45:00, MarleyReggaeTraveler , Instagram , #Journey #BobMarleyTribute ,30,60, Jamaica ,2020,March,5,18hours,Neutral
531,535,"Captivated by the spellbinding plot twists, the audience applauds, experiencing a rollercoaster of emotions at the movie premiere. ",excitement,2018-10-12 20:00:00, MovieEnthusiastPremiereAttendee , Twitter , #Excitement #MoviePremiereThrills ,40,80, USA ,2018,October,12,20hours,Positive
532,536,"As the credits roll, a profound sense of nostalgia washes over, reminiscent of cherished moments in classic films. ",nostalgia,2019-06-25 22:15:00, FilmLoverNostalgiaSeeker , Instagram , #Nostalgia #ClassicFilmMoments ,35,70, UK ,2019,June,25,22hours,Neutral
533,537,"Streaming the latest web series, the viewer is engrossed in the characters' journey, feeling a sense of connection and empathy. ",engagement,2020-07-08 19:30:00, WebSeriesViewerCharacterConnection , Facebook , #Engagement #WebSeriesJourney ,30,60, Canada ,2020,July,8,19hours,Positive
534,538,"At the film festival, the indie filmmaker's creation receives a standing ovation, evoking pride and a sense of accomplishment. ",pride,2017-09-18 21:45:00, IndieFilmmakerFestivalSuccess , Twitter , #Pride #IndieFilmSuccess ,22,45, Australia ,2017,September,18,21hours,Positive
535,539,"Watching a heartwarming family drama, tears flow freely as the characters overcome challenges, leaving the viewer with a warm glow. ",touched,2021-01-15 18:00:00, DramaEnthusiastHeartwarmingMoments , Instagram , #Touched #FamilyDramaMoments ,28,55, India ,2021,January,15,18hours,Positive
536,540,"At the Oscars, the actor graciously accepts an award, radiating joy and gratitude for the recognition of their outstanding performance. ",gratitude,2016-02-28 20:30:00, AwardWinningActorOscarsRecipient , Facebook , #Gratitude #OscarWinningMoment ,18,35, USA ,2016,February,28,20hours,Positive
537,541,"Discovering a hidden gem in the world of documentaries, the viewer is enlightened and inspired, feeling a renewed sense of curiosity. ",inspiration,2022-04-20 17:30:00, DocumentaryEnthusiastHiddenGemFinder , Twitter , #Inspiration #HiddenGemDiscovery ,22,45, France ,2022,April,20,17hours,Positive
538,542,"As the movie credits roll, the viewer experiences a mix of awe and contemplation, pondering the deeper meanings woven into the storyline. ",contemplation,2019-11-05 21:15:00, FilmBuffContemplativeViewer , Instagram , #Contemplation #DeepMeanings ,28,55, Germany ,2019,November,5,21hours,Neutral
539,543,"Binge-watching a thrilling crime series, the suspense keeps the viewer on the edge of their seat, creating a rush of adrenaline. ",suspense,2015-07-12 22:00:00, CrimeSeriesEnthusiastThrillSeeker , Facebook , #Suspense #CrimeSeriesThrills ,35,70, Japan ,2015,July,12,22hours,Neutral
540,544,"As the closing scene unfolds, a sense of satisfaction washes over, completing the cinematic journey with a profound and fulfilling ending. ",satisfaction,2020-09-10 19:45:00, FilmCriticSatisfactionSeeker , Twitter , #Satisfaction #FulfillingEnding ,22,45, Brazil ,2020,September,10,19hours,Positive
541,545,"Celebrating a historic victory in the World Cup, the nation erupts in joy, united by the triumph of their football team. ",joy,2018-07-15 21:30:00, FootballFanWorldCupCelebration , Instagram , #Joy #WorldCupTriumph ,40,80, Brazil ,2018,July,15,21hours,Positive
542,546,"At the Olympics, the athlete's perseverance shines through, earning a gold medal and inspiring a generation with their remarkable achievement. ",inspiration,2020-08-08 19:45:00, OlympicsEnthusiastGoldMedalWinner , Twitter , #Inspiration #OlympicAchievement ,35,70, USA ,2020,August,8,19hours,Positive
543,547,"In the cricket championship, a nail-biting finish leaves fans on the edge of their seats, experiencing a rollercoaster of emotions. ",excitement,2019-06-25 22:15:00, CricketFanChampionshipThrills , Facebook , #Excitement #CricketChampionship ,30,60, India ,2019,June,25,22hours,Positive
544,548,"Witnessing a record-breaking marathon, spectators are filled with awe and admiration for the endurance and dedication of the runners. ",admiration,2021-11-07 17:30:00, MarathonSpectatorRecordBreaking , Instagram , #Admiration #MarathonRecords ,22,45, Kenya ,2021,November,7,17hours,Positive
545,549,"In the tennis grand slam, a fierce rivalry unfolds, captivating fans with a display of skill and sportsmanship on the world stage. ",captivation,2017-09-10 20:15:00, TennisEnthusiastGrandSlamDrama , Twitter , #Captivation #TennisRivalry ,28,55, UK ,2017,September,10,20hours,Positive
546,550,"Cheering for the underdog in the basketball finals, the crowd erupts in applause as the team defies odds to claim the championship title. ",triumph,2022-06-20 21:00:00, BasketballFanUnderdogTriumph , Facebook , #Triumph #BasketballFinals ,18,35, USA ,2022,June,20,21hours,Positive
547,551,"At the golf tournament, the golfer's precision and focus lead to a stunning victory, leaving spectators in awe of their exceptional skill. ",awe,2016-04-10 18:30:00, GolfEnthusiastPrecisionVictory , Instagram , #Awe #GolfVictory ,22,45, Scotland ,2016,April,10,18hours,Positive
548,552,"Experiencing the thrill of a high-speed Formula 1 race, fans are on the edge of their seats as drivers compete for the championship. ",thrill,2019-11-24 19:45:00, F1FanHighSpeedRaceExcitement , Twitter , #Thrill #Formula1Championship ,28,55, Germany ,2019,November,24,19hours,Positive
549,553,"In the cycling world championship, the climber conquers challenging terrains, symbolizing determination and achievement against all odds. ",determination,2015-09-28 22:30:00, CyclingEnthusiastWorldChampion , Facebook , #Determination #CyclingChampion ,35,70, Italy ,2015,September,28,22hours,Positive
550,554,"Witnessing a heartwarming comeback in the hockey finals, fans share tears of joy as the team secures a historic victory after adversity. ",heartwarming,2020-12-12 20:00:00, HockeyFanComebackVictory , Instagram , #Heartwarming #HockeyFinalsComeback ,22,45, Canada ,2020,December,12,20hours,Positive
551,555,"After a series of defeats, the soccer team faces disappointment, struggling to find the silver lining in a challenging season. ",disappointment,2019-11-02 18:45:00, SoccerFanTeamDefeats , Twitter , #Disappointment #SoccerDefeats ,40,80, Brazil ,2019,November,2,18hours,Negative
552,556,"In the tennis tournament, a highly anticipated player experiences a setback, leaving fans in shock and questioning the unforeseen turn of events. ",frustration,2018-07-10 21:15:00, TennisEnthusiastUnexpectedSetback , Instagram , #Frustration #TennisSetback ,35,70, USA ,2018,July,10,21hours,Negative
553,557,"Facing a defeat in the championship, the boxer reflects on the challenges, vowing to return stronger and more determined in the next bout. ",reflection,2020-09-18 19:30:00, BoxingFanChampionshipDefeat , Facebook , #Reflection #BoxingDefeat ,30,60, UK ,2020,September,18,19hours,Neutral
554,558,"In the midst of a cycling race, a tire blowout leads to frustration for the cyclist, who valiantly tries to overcome the unexpected obstacle. ",obstacle,2017-05-15 22:00:00, CyclingEnthusiastTireBlowout , Twitter , #Obstacle #CyclingFrustration ,22,45, France ,2017,May,15,22hours,Neutral
555,559,"The gymnast's unexpected fall during a routine sparks a wave of sympathy from the audience, highlighting the vulnerability of sports. ",sympathy,2021-04-05 20:15:00, GymnasticsFanRoutineFall , Instagram , #Sympathy #GymnasticsFall ,28,55, Japan ,2021,April,5,20hours,Positive
556,560,"In the golf tournament, a missed crucial putt results in defeat, causing the golfer to reflect on the pressure of high-stakes competition. ",pressure,2016-08-20 18:30:00, GolfEnthusiastMissedPutt , Facebook , #Pressure #GolfDefeat ,18,35, USA ,2016,August,20,18hours,Negative
557,561,"Experiencing a series of losses in the basketball season, the team grapples with frustration, determined to turn the tide with renewed effort. ",renewed effort,2019-02-12 19:45:00, BasketballFanTeamLosses , Twitter , #RenewedEffort #BasketballStruggles ,22,45, Canada ,2019,February,12,19hours,Positive
558,562,"Despite meticulous training, the swimmer faces disappointment as a split-second miscalculation costs them the lead in a crucial race. ",miscalculation,2015-06-28 20:00:00, SwimmingEnthusiastRaceSetback , Instagram , #Miscalculation #SwimmingDisappointment ,28,55, Australia ,2015,June,28,20hours,Negative
559,563,"The weightlifter's failed attempt at a personal record results in frustration, highlighting the challenging nature of pushing physical limits. ",challenge,2022-01-08 21:30:00, WeightliftingFanFailedRecord , Facebook , #Challenge #WeightliftingFailure ,35,70, Germany ,2022,January,8,21hours,Neutral
560,564,"In the midst of a soccer match, an unexpected own goal creates a moment of despair for the player, as teammates console and encourage them. ",despair,2018-12-15 20:15:00, SoccerPlayerOwnGoalMoment , Twitter , #Despair #OwnGoal ,22,45, Spain ,2018,December,15,20hours,Negative
561,565,"In the serene beauty of a sunset, nature unfolds a canvas of colors, evoking a sense of tranquility and wonder. ",tranquility,2021-07-10 19:00:00, NatureEnthusiastSunsetWonder , Instagram , #Tranquility #SunsetBeauty ,40,80, Canada ,2021,July,10,19hours,Positive
562,566,"Embarking on a spontaneous road trip, the traveler discovers hidden gems, creating memories that will be cherished for a lifetime. ",adventure,2019-09-28 20:30:00, TravelEnthusiastRoadTripDiscovery , Twitter , #Adventure #RoadTripMemories ,35,70, USA ,2019,September,28,20hours,Positive
563,567,"Amidst the bustling city, a quiet café becomes a sanctuary for reflection, where a cup of coffee brings solace to the wandering mind. ",solace,2022-03-15 18:45:00, UrbanExplorerCafeSolitude , Facebook , #Solace #CafeReflection ,30,60, France ,2022,March,15,18hours,Positive
564,568,"Exploring the vibrant street art of a cultural neighborhood, each mural tells a story, infusing the city with creativity and expression. ",creativity,2017-11-05 21:15:00, ArtEnthusiastStreetArtExploration , Instagram , #Creativity #StreetArtVibes ,22,45, Brazil ,2017,November,5,21hours,Positive
565,569,"In the world of science, a breakthrough discovery unfolds, pushing the boundaries of knowledge and opening new frontiers of exploration. ",breakthrough,2020-05-20 16:30:00, ScienceEnthusiastDiscoveryMoment , Twitter , #Breakthrough #ScientificDiscovery ,28,55, Germany ,2020,May,20,16hours,Positive
566,570,"Connecting with the melody of a live orchestra, the music enthusiast experiences a symphony that resonates deep within the soul. ",harmony,2016-08-22 19:45:00, MusicLoverLiveOrchestraExperience , Facebook , #Harmony #OrchestraMelody ,18,35, UK ,2016,August,22,19hours,Positive
567,571,"Embracing the aroma of freshly baked bread, the home chef finds joy in the art of baking, creating delicious memories for loved ones. ",joy in baking,2023-04-10 17:15:00, HomeBakerDeliciousMemories , Instagram , #JoyInBaking #HomemadeDelights ,22,45, India ,2023,April,10,17hours,Positive
568,572,"Wandering through a historical museum, the history enthusiast becomes immersed in the tales of the past, envisioning bygone eras. ",envisioning history,2015-12-18 18:00:00, HistoryBuffMuseumExploration , Twitter , #EnvisioningHistory #MuseumTales ,28,55, Italy ,2015,December,18,18hours,Neutral
569,573,"In the realm of literature, a captivating novel transports the reader to distant lands, weaving a tapestry of imagination and escape. ",imagination,2021-10-08 20:30:00, BookwormCaptivatingNovelEscape , Facebook , #Imagination #LiteraryEscape ,35,70, Japan ,2021,October,8,20hours,Positive
570,574,"Capturing the essence of a bustling market, the photographer freezes moments in time, each frame telling a unique and vibrant story. ",vibrancy,2019-03-22 21:45:00, PhotographyEnthusiastMarketMoments , Instagram , #Vibrancy #MarketStories ,22,45, Australia ,2019,March,22,21hours,Positive
571,575,"Underneath the city lights, the dancer expresses emotions through graceful movements, creating a mesmerizing performance under the night sky. ",mesmerizing,2018-06-15 22:00:00, DanceEnthusiastCityNightPerformance , Twitter , #Mesmerizing #NightDancePerformance ,40,80, USA ,2018,June,15,22hours,Positive
572,576,"In the heart of a bustling market, the street food connoisseur indulges in a culinary adventure, savoring diverse flavors and aromas. ",culinary adventure,2019-08-28 19:30:00, FoodieMarketStreetFoodExploration , Instagram , #CulinaryAdventure #StreetFoodDelights ,35,70, Thailand ,2019,August,28,19hours,Positive
573,577,"As the first snowflake descends, the winter enthusiast eagerly prepares for a season of frosty delights, anticipating the magic of snow-covered landscapes. ",winter magic,2022-12-01 17:45:00, SnowLoverWinterEnthusiast , Facebook , #WinterMagic #SnowyLandscapes ,30,60, Canada ,2022,December,1,17hours,Neutral
574,578,"Amidst the pages of a captivating mystery novel, the reader unravels clues and secrets, experiencing a thrilling journey of suspense and revelation. ",thrilling journey,2017-04-10 21:15:00, MysteryBookwormSuspensefulRead , Twitter , #ThrillingJourney #MysteryNovel ,22,45, UK ,2017,April,10,21hours,Positive
575,579,"Surrounded by the vibrant colors of a flower garden, the gardener nurtures blossoms, finding joy in the beauty of nature's ever-changing canvas. ",nature's beauty,2020-05-15 18:30:00, GardeningEnthusiastFlowerGarden , Instagram , #NaturesBeauty #FloralJoy ,28,55, Australia ,2020,May,15,18hours,Positive
576,580,"At the astronomy observatory, the stargazer marvels at the vastness of the cosmos, contemplating the mysteries hidden within the celestial expanse. ",celestial wonder,2016-09-22 20:00:00, AstronomyEnthusiastStargazing , Facebook , #CelestialWonder #Stargazing ,18,35, USA ,2016,September,22,20hours,Neutral
577,581,"Engulfed in the aroma of freshly brewed coffee, the writer finds inspiration in every sip, embarking on a journey of creativity and prose. ",creative inspiration,2023-02-12 19:45:00, CoffeeLoverWritersRetreat , Twitter , #CreativeInspiration #CoffeeJourney ,22,45, France ,2023,February,12,19hours,Positive
578,582,"In the realm of fashion, the designer unveils a collection that tells a story, blending innovation and tradition on the runway of creativity. ",runway creativity,2015-11-10 21:00:00, FashionEnthusiastDesignerShowcase , Instagram , #RunwayCreativity #FashionInnovation ,28,55, Italy ,2015,November,10,21hours,Neutral
579,583,"As the waves crash against the shore, the surfer embraces the thrill of riding the ocean's energy, capturing the essence of freedom in each wave. ",ocean's freedom,2021-07-20 18:15:00, SurfingEnthusiastWaveRider , Facebook , #OceansFreedom #SurfingThrills ,22,45, Brazil ,2021,July,20,18hours,Neutral
580,584,"Exploring the historical architecture of an ancient city, the traveler is transported to a bygone era, where each monument whispers tales of the past. ",whispers of the past,2019-04-18 20:30:00, HistoryExplorerAncientCityTour , Twitter , #WhispersOfThePast #HistoricalTour ,35,70, Greece ,2019,April,18,20hours,Neutral
581,585,Successfully avoided eye contact with my crush in the hallway. Mission accomplished. #TeenCrush #StealthMode ,excitement,2023-05-20 19:45:00, CrushAvoider , Twitter , #CrushStruggles #AvoidingEyeContact ,15,30, USA,2023,May,20,19hours,Positive
582,586,Ran out of snacks during a movie marathon. Crisis level: Emergency! #MovieNightStruggles #TeenProblems ,boredom,2023-05-21 21:00:00, MovieBuff , Instagram , #SnackCrisis #TeenLife ,18,35, Canada,2023,May,21,21hours,Negative
583,587,Spent an hour choosing the perfect filter for a selfie. The struggle for that Instagram aesthetic is real. #SelfieQueen #TeenVibes ,joy,2023-05-22 14:30:00, SelfieAddict , Facebook , #SelfieStruggle #TeenConfessions ,22,45, UK,2023,May,22,14hours,Positive
584,588,Lost my headphones again. How do they vanish into thin air? #HeadphoneMystery #TeenLife ,frustration,2023-05-23 16:45:00, AudioExplorer , Twitter , #TeenProblems #LostHeadphones ,20,40, USA,2023,May,23,16hours,Negative
585,589,Decided to study for exams but ended up making memes about studying instead. Procrastination level: Expert. #ProcrastinationNation #TeenConfessions ,surprise,2023-05-24 13:15:00, MemeCreator , Instagram , #StudyingMemes #TeenLife ,25,50, Canada,2023,May,24,13hours,Positive
586,590,"Got dressed for the day, then remembered it's Saturday. Oops. #WeekendVibes #TeenStruggles ",indifference,2023-05-25 19:00:00, FashionBlunder , Facebook , #WeekendOops #TeenFashion ,20,40, USA,2023,May,25,19hours,Neutral
587,591,Survived a group project without any drama. Miracles do happen. #GroupProjectSuccess #TeenAchievements ,satisfaction,2023-05-26 14:20:00, GroupGenius , Twitter , #TeenSuccess #ProjectMiracle ,28,55, UK,2023,May,26,14hours,Positive
588,592,"Entered the kitchen with the intention to cook. Left with a bag of chips. Cooking is overrated, anyway. #MasterChefInTraining #TeenHumor ",disgust,2023-05-27 21:15:00, ChipExplorer , Instagram , #TeenChef #CookingFail ,22,45, Canada,2023,May,27,21hours,Negative
589,593,"Staring at the clock in class, waiting for the bell to ring like it's the most exciting event of the day. #ClassCountdown #TeenLife ",surprise,2023-05-28 12:00:00, ExcitementSeeker , Facebook , #ClassEvent #TeenExcitement ,18,35, USA,2023,May,28,12hours,Positive
590,594,"Discovered a new book series and spent the whole night reading. Who needs sleep, anyway? #BookwormLife #LateNightReading ",joy,2023-05-29 23:30:00, NightReader , Twitter , #BookDiscoveries #TeenReading ,30,60, UK,2023,May,29,23hours,Positive
591,595,"Bought a new video game, played for hours, forgot to eat. The ultimate gaming session. #GamerLife #NoFoodGaming ",excitement,2023-05-30 20:45:00, GamingEnthusiast , Instagram , #GameOn #TeenGamer ,22,45, USA,2023,May,30,20hours,Positive
592,596,Spent the day binge-watching a new series. Productivity level: Zero. #LazyDay #TVSeriesMarathon ,joy,2023-05-31 15:30:00, LazyWatcher , Facebook , #BingeWatchDay #TeenLife ,35,70, Canada,2023,May,31,15hours,Positive
593,597,Caught up on the latest fashion trends and now planning a shopping spree. #Fashionista #TrendyTeen ,excitement,2023-06-01 18:00:00, TrendExplorer , Twitter , #FashionGoals #TeenStyle ,20,40, USA,2023,June,1,18hours,Positive
594,598,Decided to learn a new instrument. Day one: Still trying to figure out how to hold it. #MusicNovice #LearningJourney ,frustration,2023-06-02 14:30:00, MusicalExplorer , Instagram , #InstrumentLearning #TeenMusic ,28,55, UK,2023,June,2,14hours,Negative
595,599,Spent hours creating the perfect playlist for every mood. Music is my therapy. #PlaylistMaker #TeenMusicLover ,joy,2023-06-03 21:15:00, MusicAficionado , Facebook , #MusicTherapy #TeenPlaylist ,22,45, Canada,2023,June,3,21hours,Positive
596,600,Successfully cooked a gourmet meal for the family. Chef skills unlocked! #ChefMode #TeenChef ,pride,2023-06-04 19:30:00, HomeChef , Twitter , #CookingSuccess #TeenCook ,25,50, USA,2023,June,4,19hours,Positive
597,601,Spontaneously booked a weekend getaway. Adventure awaits! #TravelBug #WeekendEscape ,excitement,2023-06-05 10:00:00, AdventureSeeker , Instagram , #GetawayGoals #TeenTravel ,18,35, UK,2023,June,5,10hours,Positive
598,602,Attended a concert and danced the night away. Music is the heartbeat of life. #ConcertVibes #DanceAllNight ,joy,2023-06-06 22:30:00, DanceEnthusiast , Facebook , #MusicMagic #TeenConcert ,28,55, Canada,2023,June,6,22hours,Positive
599,603,Rediscovered childhood cartoons and had a nostalgia-filled marathon. #CartoonNostalgia #TeenMemories ,joy,2023-06-07 12:45:00, NostalgiaExplorer , Twitter , #ChildhoodMemories #TeenCartoons ,22,45, USA,2023,June,7,12hours,Positive
600,604,Embarked on a DIY home decor project. Let's hope it turns out better than last time. #DIYAdventure #TeenHomeDecor ,excitement,2023-06-08 16:00:00, HomeDecorator , Instagram , #DIYGoals #TeenCreative ,35,70, UK,2023,June,8,16hours,Positive
601,605,"Spent the afternoon at a museum, pretending to be cultured. Art enthusiast in the making. #MuseumDay #TeenArtLover ",curiosity,2023-06-09 14:00:00, ArtExplorer , Facebook , #CulturalDay #TeenCuriosity ,20,40, USA,2023,June,9,14hours,Positive
602,606,Started a blog about random thoughts and musings. Blogging is the new diary. #BloggerLife #TeenBlogger ,curiosity,2023-06-10 17:30:00, ThoughtfulBlogger , Twitter , #BloggingJourney #TeenThoughts ,30,60, Canada,2023,June,10,17hours,Positive
603,607,Relishing a peaceful afternoon with a classic novel. Quiet moments are the best moments. #BookLover #PeacefulAfternoon ,contentment,2023-06-11 15:30:00, NovelEnthusiast , Instagram , #QuietMoments #BookishEscape ,35,70, USA,2023,June,11,15hours,Positive
604,608,"Reflecting on a lifetime of memories, each wrinkle tells a story. Embracing the beauty of aging. #LifeReflections #BeautyInAging ",gratitude,2023-06-12 18:00:00, WiseSoul , Twitter , #AgingGracefully #Memories ,28,55, UK,2023,June,12,18hours,Positive
605,609,Exploring the world of digital art. It's never too late to discover new passions. #DigitalArtistry #LateBloomer ,curiosity,2023-06-13 14:45:00, ArtAdventurer , Facebook , #ArtDiscovery #SeniorArtist ,22,45, Canada,2023,June,13,14hours,Positive
606,610,Savoring the flavors of a home-cooked meal. Simple joys are the heart of happiness. #HomeCooking #SimpleJoys ,contentment,2023-06-14 19:30:00, HomeChefSenior , Instagram , #HappinessInFood #SeniorLife ,25,50, USA,2023,June,14,19hours,Positive
607,611,Embarking on a journey of learning a new language. The mind stays young with every new word. #LanguageLearning #NeverTooLate ,curiosity,2023-06-15 12:15:00, LinguisticExplorer , Twitter , #MindEnrichment #SeniorLearning ,30,60, UK,2023,June,15,12hours,Positive
608,612,"Attended a classical music concert, feeling the timeless melodies resonate. Music transcends generations. #ClassicalMusic #TimelessMelodies ",joy,2023-06-16 21:45:00, MusicConnoisseur , Facebook , #MusicLover #SeniorConcert ,18,35, Canada,2023,June,16,21hours,Positive
609,613,Capturing the beauty of nature through photography. Every snapshot is a treasure. #NaturePhotography #SeniorPhotographer ,joy,2023-06-17 15:00:00, PhotographySenior , Instagram , #NatureCapture #SeniorMoments ,35,70, USA,2023,June,17,15hours,Positive
610,614,"Reconnecting with old friends over a cup of tea. Friendship, the true essence of companionship. #OldFriends #Companionship ",contentment,2023-06-18 11:30:00, TeaTimeSenior , Twitter , #FriendshipGoals #SeniorBonding ,28,55, UK,2023,June,18,11hours,Positive
611,615,"Embarked on a road trip to revisit cherished places from the past. Nostalgia, the ultimate travel companion. #RoadTrip #NostalgiaTour ",joy,2023-06-19 16:30:00, RoadTripSenior , Facebook , #CherishedPlaces #SeniorTravel ,22,45, Canada,2023,June,19,16hours,Positive
612,616,"Joined a community choir, harmonizing with fellow voices. Music creates bonds that withstand time. #CommunityChoir #HarmonyInAging ",joy,2023-06-20 14:20:00, ChoirEnthusiast , Instagram , #MusicHarmony #SeniorVoices ,20,40, USA,2023,June,20,14hours,Positive
613,617,"Exploring the art of meditation, finding tranquility in the stillness of the mind. #MeditationJourney #TranquilMind ",contentment,2023-06-21 19:00:00, MeditationSenior , Twitter , #MindfulLiving #SeniorCalm ,18,35, UK,2023,June,21,19hours,Positive
614,618,"Taking a stroll in the garden, appreciating the beauty of blooming flowers. Nature's wonders never cease. #GardenWalk #FloralBeauty ",contentment,2023-06-22 13:45:00, GardenEnthusiast , Facebook , #NatureWonders #SeniorGarden ,25,50, USA,2023,June,22,13hours,Positive
615,619,"Sipping on a favorite vintage wine, each sip telling a story of the years gone by. Cheers to a life well-lived. #WineLover #VintageCheers ",contentment,2023-06-23 18:45:00, WineConnoisseur , Instagram , #LifeWellLived #SeniorWine ,28,55, UK,2023,June,23,18hours,Positive
616,620,"Participated in a community art class, unleashing creativity in the golden years. Art has no age limit. #ArtClass #SeniorArtistry ",joy,2023-06-24 16:15:00, ArtisticSenior , Twitter , #CreativityAtAnyAge #SeniorCreativity ,22,45, Canada,2023,June,24,16hours,Positive
617,621,"Embarking on a journey of writing a memoir, documenting a lifetime of experiences. Every story matters. #MemoirWriting #SeniorStories ",gratitude,2023-06-25 20:30:00, MemoiristSenior , Facebook , #LifetimeExperiences #SeniorMemoir ,35,70, USA,2023,June,25,20hours,Positive
618,622,"Attended a lecture on history, always fascinated by the lessons from the past. Learning is a lifelong adventure. #HistoryLecture #SeniorLearning ",curiosity,2023-06-26 14:00:00, HistoryEnthusiast , Instagram , #LifetimeAdventure #SeniorCuriosity ,30,60, UK,2023,June,26,14hours,Positive
619,623,"Rediscovered the joy of cooking traditional family recipes. The kitchen, a place of cherished memories. #FamilyRecipes #SeniorCooking ",contentment,2023-06-27 17:45:00, FamilyChefSenior , Twitter , #KitchenMemories #SeniorCulinary ,20,40, USA,2023,June,27,17hours,Positive
620,624,"Joined a nature photography club, capturing the beauty of the great outdoors. Every click is a connection to nature. #NaturePhotography #SeniorPhotographer ",joy,2023-06-28 22:15:00, NaturePhotographySenior , Facebook , #OutdoorBeauty #SeniorClicks ,18,35, UK,2023,June,28,22hours,Positive
621,625,"Attended a jazz concert and swayed to the rhythm of timeless tunes. Music, a constant companion in the golden years. #JazzConcert #SeniorMusic ",joy,2023-06-29 16:30:00, JazzMusicLover , Instagram , #TimelessTunes #SeniorJazz ,25,50, USA,2023,June,29,16hours,Positive
622,626,"Joined a writing group, penning down thoughts and reflections. Writing, a journey into the depths of the soul. #WritingGroup #SeniorWriter ",gratitude,2023-06-30 19:30:00, SeniorWordsmith , Twitter , #SoulfulWriting #SeniorReflections ,28,55, UK,2023,June,30,19hours,Positive
623,627,"Embarked on a solo travel adventure, discovering the beauty of new places at my own pace. #SoloTravel #SeniorExplorer ",excitement,2023-07-01 14:00:00, SoloAdventurer , Instagram , #DiscoverNewPlaces #SeniorTravel ,30,60, USA,2023,July,1,14hours,Positive
624,628,"Attended a vintage car show, reminiscing about the classics that once ruled the roads. Nostalgia in every rev. #VintageCars #ClassicRides ",joy,2023-07-02 18:30:00, CarEnthusiastSenior , Facebook , #RoadTripDownMemoryLane #SeniorCars ,22,45, UK,2023,July,2,18hours,Positive
625,629,"Started a community garden, growing not just plants but friendships too. Green thumbs unite! #CommunityGarden #SeniorGardener ",joy,2023-07-03 12:45:00, GreenThumbSenior , Twitter , #GardenFriends #SeniorGreenThumb ,28,55, Canada,2023,July,3,12hours,Positive
626,630,"Hosted a family dinner, where laughter echoed louder than the clinking of utensils. Family, the heart of happiness. #FamilyDinner #SeniorHost ",contentment,2023-07-04 17:00:00, FamilyHostSenior , Instagram , #HeartwarmingMoments #SeniorFamily ,35,70, USA,2023,July,4,17hours,Positive
627,631,"Enrolled in a dance class for seniors, moving to the rhythm of life. Age is just a number on the dance floor. #DanceClass #SeniorDancer ",joy,2023-07-05 20:15:00, DanceEnthusiastSenior , Twitter , #DanceLife #SeniorMoves ,18,35, UK,2023,July,5,20hours,Positive
628,632,"Visited an art gallery, appreciating the brushstrokes that tell tales of creativity. Art, an eternal companion. #ArtGallery #SeniorArtLover ",joy,2023-07-06 14:30:00, ArtGalleryVisitor , Facebook , #CreativeExpressions #SeniorArt ,25,50, USA,2023,July,6,14hours,Positive
629,633,"Started a book club for seniors, where discussions are as lively as the characters in the novels. #BookClub #SeniorReaders ",joy,2023-07-07 19:45:00, SeniorBookClub , Instagram , #BookishTalks #SeniorBookworms ,22,45, UK,2023,July,7,19hours,Positive
630,634,"Hosted a picnic in the park, basking in the warmth of friendship and sunshine. Simple joys, timeless memories. #ParkPicnic #SeniorJoy ",contentment,2023-07-08 16:00:00, SeniorPicnicHost , Twitter , #FriendshipSunshine #SeniorMemories ,30,60, Canada,2023,July,8,16hours,Positive
631,635,"Participated in a local theater production, proving that the stage belongs to every age. #TheaterProduction #SeniorActor ",joy,2023-07-09 22:30:00, SeniorActor , Facebook , #StagePassion #SeniorTheater ,20,40, USA,2023,July,9,22hours,Positive
632,636,"Embarked on a hiking adventure, conquering trails and relishing the beauty of nature. Age is just a number on the mountaintop. #HikingAdventure #SeniorHiker ",excitement,2023-07-10 14:20:00, SeniorHikerExplorer , Instagram , #NatureTrailBlazer #SeniorExplorer ,28,55, UK,2023,July,10,14hours,Positive
633,637,Hosted a photography exhibition featuring snapshots of a life well-lived. Every photo has a story to tell. #PhotographyExhibition #SeniorPhotographer ,gratitude,2023-07-11 18:45:00, SeniorPhotographerExhibitor , Twitter , #LifeInPictures #SeniorExhibition ,22,45, Canada,2023,July,11,18hours,Positive
634,638,"Joined a seniors' cycling club, feeling the wind in my hair and the freedom of the open road. #CyclingClub #SeniorCyclist ",excitement,2023-07-12 13:45:00, SeniorCyclingEnthusiast , Facebook , #OpenRoadAdventures #SeniorCycling ,25,50, USA,2023,July,12,13hours,Positive
635,639,"Attended a wine tasting event, savoring the richness of flavors that age like fine wine. Cheers to the golden years! #WineTasting #SeniorWineLover ",joy,2023-07-13 20:00:00, SeniorWineConnoisseur , Instagram , #AgedToPerfection #SeniorCheers ,35,70, UK,2023,July,13,20hours,Positive
636,640,"Started learning ballroom dancing, gliding gracefully across the dance floor. Ageless elegance in every step. #BallroomDancing #SeniorDancer ",joy,2023-07-14 16:15:00, SeniorBallroomDancer , Twitter , #GracefulMoves #SeniorDance ,20,40, USA,2023,July,14,16hours,Positive
637,641,"Organized a community painting event, turning blank canvases into a masterpiece of shared creativity. #PaintingEvent #SeniorArtist ",joy,2023-07-15 19:30:00, SeniorPaintingOrganizer , Facebook , #CommunityArt #SeniorCreativity ,28,55, Canada,2023,July,15,19hours,Positive
638,642,"Hosted a 'memory lane' evening with old friends, reminiscing about the adventures that shaped our lives. #MemoryLane #SeniorReminiscing ",gratitude,2023-07-16 14:00:00, SeniorMemoriesHost , Instagram , #FriendshipAdventures #SeniorNostalgia ,30,60, USA,2023,July,16,14hours,Positive
639,643,"Joined a seniors' astronomy club, stargazing and finding wonder in the vastness of the cosmos. #AstronomyClub #SeniorStargazer ",curiosity,2023-07-17 22:15:00, SeniorStargazer , Twitter , #CelestialWonders #SeniorAstronomy ,18,35, UK,2023,July,17,22hours,Positive
640,644,"Attended a local jazz festival, tapping toes to the tunes that have stood the test of time. Music, a lifelong love affair. #JazzFestival #SeniorMusicLover ",joy,2023-07-18 16:30:00, SeniorJazzFestivalGoer , Facebook , #TimelessTunes #SeniorJazz ,25,50, USA,2023,July,18,16hours,Positive
641,645,"Started a blog sharing the wisdom gained through the years, proving that every day is a chance to learn and grow. #SeniorWisdom #Blog ",gratitude,2023-07-19 19:45:00, WisdomBloggerSenior , Instagram , #LifeLessons #SeniorBlog ,22,45, UK,2023,July,19,19hours,Positive
642,646,"Participated in a charity run, proving that age is no barrier to supporting meaningful causes. #CharityRun #SeniorRunner ",excitement,2023-07-20 17:00:00, SeniorCharityRunner , Twitter , #RunForACause #SeniorSupport ,30,60, Canada,2023,July,20,17hours,Positive
643,647,"Survived a challenging physics exam. Equations, you won't defeat me! ",relief,2023-08-01 13:30:00, PhysicsWhizHighSchool , Instagram , #PhysicsSurvivor #HighSchoolAdventures ,20,40, USA,2023,August,1,13hours,Positive
644,648,Exploring the world of coding. Debugging is an adventure on its own! #CodingJourney #HighSchoolCoder ,excitement,2023-08-02 14:45:00, CodeExplorerHighSchool , Twitter , #CodingAdventure #HighSchoolCoderLife ,25,50, UK,2023,August,2,14hours,Positive
645,649,"Joined the school debate team. Words are my weapons, and I'm ready for battle! ",excitement,2023-08-03 12:15:00, DebateWarriorHighSchool , Facebook , #DebateWarrior #HighSchoolDebater ,18,35, Canada,2023,August,3,12hours,Positive
646,650,"Started a photography club at school. Capturing moments, one snapshot at a time! ",joy,2023-08-04 16:30:00, PhotoClubHighSchool , Instagram , #PhotographyClub #HighSchoolPhotographer ,22,45, USA,2023,August,4,16hours,Positive
647,651,"Daydreaming about the upcoming prom. The dress, the dance – it's a fairytale in the making! ",excitement,2023-08-05 19:45:00, PromDreamerHighSchool , Twitter , #PromDreams #HighSchoolFairytale ,30,60, Canada,2023,August,5,19hours,Positive
648,652,Convinced the teacher to have class outdoors. Learning equations with a side of fresh air! ,positive,2023-08-06 14:00:00, OutdoorClassHighSchool , Facebook , #OutdoorClassroom #HighSchoolExplorer ,28,55, USA,2023,August,6,14hours,Positive
649,653,"Accidentally spilled paint in art class. Abstract art, right? #ArtClassAdventures #HighSchoolArtist ",embarrassed,2023-08-07 19:45:00, PaintSpillHighSchool , Instagram , #ArtisticMishaps #HighSchoolArt ,22,45, UK,2023,August,7,19hours,Negative
650,654,Trying to master the perfect kickflip on my skateboard. Skating into the weekend like a pro! ,excitement,2023-08-08 16:00:00, SkateProHighSchool , Twitter , #SkaterLife #HighSchoolSkater ,30,60, Canada,2023,August,8,16hours,Positive
651,655,Bonding with friends over the latest K-pop sensation. Fangirling at its finest! ,joy,2023-08-09 22:30:00, KpopFangirlHighSchool , Facebook , #KpopFangirl #HighSchoolMusic ,20,40, USA,2023,August,9,22hours,Positive
652,656,Spent hours perfecting a chemistry experiment. Mixing potions like a wizard! ,joy,2023-08-10 14:20:00, ChemistryWizardHighSchool , Instagram , #ChemistryWizard #HighSchoolScientist ,28,55, UK,2023,August,10,14hours,Positive
653,657,Successfully organized a surprise birthday party for a friend. Party planning expert mode: Achieved! ,joy,2023-08-11 18:45:00, BirthdayPartyPlannerHighSchool , Twitter , #BirthdayParty #HighSchoolCelebration ,22,45, Canada,2023,August,11,18hours,Positive
654,658,"Joined the drama club to unleash my inner actor. Lights, camera, action! ",excitement,2023-08-12 13:45:00, DramaClubStarHighSchool , Facebook , #DramaClubStar #HighSchoolActor ,25,50, USA,2023,August,12,13hours,Positive
655,659,Got my hands on the latest fantasy novel. Diving into realms of magic and adventure! ,excitement,2023-08-13 20:00:00, FantasyBookNerdHighSchool , Instagram , #FantasyBookNerd #HighSchoolReader ,35,70, UK,2023,August,13,20hours,Positive
656,660,Mastering the art of the perfect doodle during boring classes. Doodles: A+! ,joy,2023-08-14 16:15:00, DoodleMasterHighSchool , Twitter , #DoodleMaster #HighSchoolArt ,20,40, USA,2023,August,14,16hours,Positive
657,661,Attempting to break the school record for the longest handstand. Wish me luck! ,excitement,2023-08-15 19:30:00, HandstandChallengeHighSchool , Facebook , #HandstandChallenge #HighSchoolAthlete ,28,55, Canada,2023,August,15,19hours,Positive
658,662,Sneaking snacks into class like a pro. The art of snack-smuggling is a sacred skill! ,mischievous,2023-08-16 14:00:00, SnackSmugglerHighSchool , Instagram , #SnackSmuggler #HighSchoolSnacks ,30,60, USA,2023,August,16,14hours,Neutral
659,663,Hosting a sleepover with friends this weekend. Preparing for a night of laughter and memories! ,excitement,2023-08-17 22:15:00, SleepoverHostHighSchool , Twitter , #SleepoverFun #HighSchoolMemories ,18,35, UK,2023,August,17,22hours,Positive
660,664,"Spent hours on a TikTok dance, only to realize I have two left feet. Dance fail: Unleashed! ",embarrassed,2023-08-18 16:30:00, TikTokFailHighSchool , Facebook , #DanceFail #HighSchoolTikTok ,25,50, USA,2023,August,18,16hours,Negative
661,665,Accidentally liked my crush's old photo while stalking their profile. Awkward level: Maximum! ,embarrassed,2023-08-19 19:45:00, SocialMediaBlunderHighSchool , Instagram , #SocialMediaBlunder #HighSchoolAwkward ,22,45, UK,2023,August,19,19hours,Negative
662,666,Tried to impress my crush with a smooth conversation. Ended up spilling my drink. Smooth level: Nonexistent! ,embarrassed,2023-08-20 17:00:00, CrushFailHighSchool , Twitter , #CrushFail #HighSchoolEmbarrassment ,30,60, Canada,2023,August,20,17hours,Negative
663,667,Mastered the art of creating paper airplanes during lecture. Paper planes: Soaring to new heights! ,joy,2023-08-21 15:45:00, PaperPlaneExpertHighSchool , Instagram , #PaperPlaneExpert #HighSchoolArt ,15,30, USA,2023,August,21,15hours,Positive
664,668,Trying to set a new trend by juggling textbooks between classes. Academic juggling: A unique skill! ,excitement,2023-08-22 12:30:00, JugglingProHighSchool , Facebook , #TextbookJuggling #HighSchoolSkills ,22,40, Canada,2023,August,22,12hours,Positive
665,669,Hiding a snack stash in my backpack for emergency cravings. Snack ninja mode: Activated! ,mischievous,2023-08-23 16:45:00, SnackNinjaHighSchool , Twitter , #SnackNinja #HighSchoolSnacks ,28,55, USA,2023,August,23,16hours,Neutral
666,670,Planning a surprise scavenger hunt for friends. Anticipating the thrill and excitement! ,excitement,2023-08-24 18:20:00, ScavengerHuntMasterHighSchool , Instagram , #SurpriseAdventure #HighSchoolFun ,20,38, UK,2023,August,24,18hours,Positive
667,671,Danced in the rain to celebrate the end of exams. Rain dance: Unexpectedly refreshing! ,joy,2023-08-25 14:15:00, RainDanceCelebrationHighSchool , Facebook , #RainDance #HighSchoolJoy ,25,50, Canada,2023,August,25,14hours,Positive
668,672,Accidentally sent a text meant for a friend to the class group chat. Texting fail: Oops moment! ,embarrassed,2023-08-26 17:30:00, GroupChatBlunderHighSchool , Twitter , #TextingFail #HighSchoolAwkward ,18,35, USA,2023,August,26,17hours,Negative
669,673,Tried a magic trick to impress classmates. Magic fail: Where did that rabbit go? ,embarrassed,2023-08-27 20:45:00, MagicFailHighSchool , Instagram , #MagicFail #HighSchoolMagic ,22,45, UK,2023,August,27,20hours,Negative
670,674,Perfecting the art of creating origami during a dull lecture. Origami mastery: A+! ,joy,2023-08-28 16:00:00, OrigamiProHighSchool , Twitter , #OrigamiMaster #HighSchoolArt ,18,36, USA,2023,August,28,16hours,Positive
671,675,Attempting to set a new record for the most consecutive hacky sack kicks. Hacky sack skills: Unleashed! ,excitement,2023-08-29 13:45:00, HackySackChampionHighSchool , Instagram , #HackySackChallenge #HighSchoolAthlete ,26,48, Canada,2023,August,29,13hours,Positive
672,676,Creating a secret handshake with friends. Friendship level: Expert! ,joy,2023-08-30 17:30:00, SecretHandshakeHighSchool , Facebook , #FriendshipGoals #HighSchoolMemories ,20,40, USA,2023,August,30,17hours,Positive
673,677,Embarking on a mission to find the best burger joint in town. Burger connoisseur: Reporting for duty! ,excitement,2023-08-31 20:15:00, BurgerQuestHighSchool , Twitter , #BurgerQuest #HighSchoolFoodie ,24,42, UK,2023,August,31,20hours,Positive
674,678,Practicing a stand-up comedy routine for the upcoming talent show. Comedy gig: In the making! ,joy,2023-09-01 14:45:00, ComedyGeniusHighSchool , Instagram , #StandUpComedy #HighSchoolTalent ,21,39, Canada,2023,September,1,14hours,Positive
675,679,Accidentally sent a love letter to the wrong person. Love note fail: Maximum embarrassment! ,embarrassed,2023-09-02 18:30:00, LoveLetterBlunderHighSchool , Facebook , #LoveLetterFail #HighSchoolAwkward ,17,33, USA,2023,September,2,18hours,Negative
676,680,Attempting to impress the teacher with an elaborate science experiment. Science geek mode: Activated! ,excitement,2023-09-03 22:00:00, ScienceExperimentProHighSchool , Twitter , #ScienceGeek #HighSchoolExperiments ,23,44, UK,2023,September,3,22hours,Positive
677,681,Crafting intricate friendship bracelets for the whole squad. Friendship level: Expert weaver! ,joy,2023-09-04 15:15:00, BraceletCraftsmanHighSchool , Instagram , #FriendshipBracelets #HighSchoolCrafts ,19,37, USA,2023,September,4,15hours,Positive
678,682,Attempting to beat the record for the most consecutive cartwheels. Cartwheel challenge: Underway! ,excitement,2023-09-05 12:30:00, CartwheelMasterHighSchool , Twitter , #CartwheelChallenge #HighSchoolAthlete ,27,52, Canada,2023,September,5,12hours,Positive
679,683,Organizing a movie marathon with friends. Popcorn and cinematic adventures await! ,joy,2023-09-06 16:45:00, MovieMarathonHostHighSchool , Facebook , #MovieNight #HighSchoolMemories ,22,43, UK,2023,September,6,16hours,Positive
680,684,Experimenting with a new hair color. A bold change for a bold semester! ,excitement,2023-09-07 18:20:00, HairColorExperimentHighSchool , Instagram , #HairExperiment #HighSchoolStyle ,20,39, USA,2023,September,7,18hours,Positive
681,685,Building a time capsule to capture memories for the future. Time-traveling emotions! ,joy,2023-09-08 14:15:00, TimeCapsuleCreatorHighSchool , Facebook , #TimeCapsule #HighSchoolNostalgia ,26,48, Canada,2023,September,8,14hours,Positive
682,686,Accidentally walked into the wrong classroom on the first day. Classroom mix-up: Awkward start! ,embarrassed,2023-09-09 17:30:00, ClassroomBlunderHighSchool , Twitter , #FirstDayOops #HighSchoolEmbarrassment ,16,32, USA,2023,September,9,17hours,Negative
683,687,Trying out a new smoothie recipe for a healthy start to the week. Smoothie enthusiast: Level up! ,excitement,2023-09-10 20:45:00, SmoothieConnoisseurHighSchool , Instagram , #HealthyLiving #HighSchoolWellness ,23,42, UK,2023,September,10,20hours,Positive
684,688,Reflecting on the challenges of the school year. Feeling a bit overwhelmed with assignments. ,sad,2023-09-11 15:45:00, OverwhelmedHighSchoolStudent , Twitter , #SchoolChallenges #HighSchoolStruggles ,15,28, USA,2023,September,11,15hours,Negative
685,689,Encountered some mean-spirited comments online. Dealing with online hate is never easy. ,hate,2023-09-12 12:30:00, DealingWithHateHighSchool , Instagram , #OnlineHate #HighSchoolReality ,18,36, Canada,2023,September,12,12hours,Negative
686,690,Had a bad day at school. Everything seems to be going wrong. ,bad,2023-09-13 16:45:00, ToughDayHighSchool , Facebook , #BadDay #HighSchoolBlues ,20,40, UK,2023,September,13,16hours,Negative
687,691,Feeling down after not making the sports team. Disappointment lingers. ,sad,2023-09-14 18:20:00, SportsTeamRejectionHighSchool , Twitter , #Disappointment #HighSchoolSports ,17,34, USA,2023,September,14,18hours,Negative
688,692,Witnessed a heated argument in the cafeteria. Unpleasant atmosphere at lunch. ,hate,2023-09-15 14:15:00, CafeteriaConflictHighSchool , Instagram , #CafeteriaDrama #HighSchoolTension ,21,41, Canada,2023,September,15,14hours,Negative
689,693,Received a not-so-great grade on a major project. Academic frustration setting in. ,bad,2023-09-16 17:30:00, ProjectGradeDisappointmentHighSchool , Facebook , #AcademicFrustration #HighSchoolStress ,19,38, UK,2023,September,16,17hours,Negative
690,694,Dealing with a personal setback. Sometimes life throws unexpected challenges. ,sad,2023-09-17 20:45:00, PersonalSetbackHighSchool , Twitter , #LifeChallenges #HighSchoolStruggles ,22,44, USA,2023,September,17,20hours,Negative
691,695,Feeling lonely on a Saturday night. Sometimes solitude hits harder than expected. ,sad,2023-09-18 22:00:00, LonelySaturdayHighSchool , Instagram , #LonelyNights #HighSchoolEmotions ,16,31, Canada,2023,September,18,22hours,Negative
692,696,Experiencing cyberbullying. Hateful messages online are disheartening. ,hate,2023-09-19 15:15:00, CyberbullyingVictimHighSchool , Facebook , #StopCyberbullying #HighSchoolReality ,14,27, UK,2023,September,19,15hours,Negative
693,697,Caught in a torrential rainstorm without an umbrella. Today's weather is just bad luck. ,bad,2023-09-20 12:30:00, RainyDayBluesHighSchool , Twitter , #BadLuck #HighSchoolWeather ,18,35, USA,2023,September,20,12hours,Negative
694,698,Missing an important event due to unforeseen circumstances. A day filled with sadness. ,sad,2023-09-21 16:45:00, MissedOpportunityHighSchool , Instagram , #MissedChances #HighSchoolRegret ,20,39, Canada,2023,September,21,16hours,Negative
695,699,Dealing with unfounded rumors circulating about personal life. Rumors can be hurtful. ,hate,2023-09-22 18:20:00, RumorVictimHighSchool , Facebook , #RumorMills #HighSchoolDrama ,23,46, UK,2023,September,22,18hours,Negative
696,700,Got a flat tire on the way to an important meeting. Talk about a series of bad events! ,bad,2023-09-23 14:15:00, FlatTireWoesHighSchool , Twitter , #BadLuckDay #HighSchoolStruggles ,25,50, USA,2023,September,23,14hours,Negative
697,701,Feeling a sense of emptiness after a close friend moves away. Farewells are always sad. ,sad,2023-09-24 17:30:00, FriendMovingAwayHighSchool , Instagram , #SayingGoodbye #HighSchoolEmotions ,21,42, Canada,2023,September,24,17hours,Negative
698,702,Facing rejection from a dream college. Disheartened but determined to explore other paths. ,sad,2023-09-25 20:45:00, CollegeRejectionHighSchool , Facebook , #CollegeDreams #HighSchoolJourney ,19,37, UK,2023,September,25,20hours,Negative
699,703,Encountering online toxicity during a gaming session. Hateful comments can ruin the fun. ,hate,2023-09-26 14:15:00, GamingToxicityHighSchool , Twitter , #OnlineGaming #HighSchoolGamer ,16,32, USA,2023,September,26,14hours,Negative
700,704,Having a bad hair day and feeling self-conscious. Bad hair days can affect confidence. ,bad,2023-09-27 17:30:00, BadHairDayBluesHighSchool , Instagram , #BadHairDay #HighSchoolConfidence ,18,36, Canada,2023,September,27,17hours,Negative
701,705,Feeling a sense of despair after a major project failure. Hard work didn't pay off this time. ,sad,2023-09-28 22:00:00, ProjectFailureDespairHighSchool , Facebook , #ProjectStruggles #HighSchoolHardships ,21,41, UK,2023,September,28,22hours,Negative
702,706,Experiencing hate comments for expressing personal opinions. Online negativity prevails. ,hate,2023-09-29 15:45:00, OpinionsHateHighSchool , Twitter , #OnlineOpinions #HighSchoolCriticism ,24,48, USA,2023,September,29,15hours,Negative
703,707,Having a string of bad luck with constant technology malfunctions. Tech troubles galore! ,bad,2023-09-30 18:20:00, TechMalfunctionWoesHighSchool , Instagram , #TechIssues #HighSchoolTech ,22,43, Canada,2023,September,30,18hours,Negative
704,708,Missing out on a long-anticipated event due to unexpected circumstances. A day filled with sadness. ,sad,2023-10-01 14:15:00, MissedEventBluesHighSchool , Facebook , #MissedMoments #HighSchoolRegret ,20,39, UK,2023,October,1,14hours,Negative
705,709,Trying out a new study technique for upcoming exams. Exploring different learning strategies. ,neutral,2023-10-02 16:45:00, StudyTechniqueExperimentHighSchool , Instagram , #StudyStrategies #HighSchoolExams ,23,42, USA,2023,October,2,16hours,Neutral
706,710,Organizing a community cleanup event for a cleaner neighborhood. Promoting environmental awareness. ,neutral,2023-10-03 12:30:00, CommunityCleanupHighSchool , Twitter , #EnvironmentalEfforts #HighSchoolCommunity ,26,50, Canada,2023,October,3,12hours,Neutral
707,711,Sharing favorite book recommendations with classmates. Building a mini book club. ,neutral,2023-10-04 18:20:00, BookRecommendationsHighSchool , Facebook , #BookClub #HighSchoolReads ,19,38, UK,2023,October,4,18hours,Neutral
708,712,Experimenting with a new recipe for a school bake sale. Baking adventures in the kitchen. ,neutral,2023-10-05 14:15:00, BakeSaleRecipeExperimentHighSchool , Instagram , #BakingAdventures #HighSchoolBakes ,21,43, USA,2023,October,5,14hours,Neutral
709,713,Collaborating on a school project with peers. Teamwork makes the dream work. ,neutral,2023-10-06 17:30:00, SchoolProjectCollaborationHighSchool , Twitter , #Teamwork #HighSchoolProjects ,18,36, Canada,2023,October,6,17hours,Neutral
710,714,Attending a school club meeting to explore new interests. Dabbling in extracurricular activities. ,neutral,2023-10-07 20:45:00, ExtracurricularExplorationHighSchool , Instagram , #SchoolClubs #HighSchoolInterests ,22,45, UK,2023,October,7,20hours,Neutral
711,715,Exploring a new part-time job opportunity for gaining work experience. Career development in progress. ,neutral,2023-10-08 15:15:00, PartTimeJobExplorationHighSchool , Facebook , #CareerDevelopment #HighSchoolJobs ,24,48, USA,2023,October,8,15hours,Neutral
712,716,Attending a school assembly to stay informed about upcoming events and announcements. Staying connected with school activities. ,neutral,2023-10-09 22:00:00, SchoolAssemblyParticipationHighSchool , Twitter , #SchoolEvents #HighSchoolConnectivity ,20,40, Canada,2023,October,9,22hours,Neutral
713,717,Exploring a new hobby of photography during free time. Capturing moments through a lens. ,neutral,2023-10-10 14:15:00, PhotographyHobbyHighSchool , Instagram , #PhotographyJourney #HighSchoolHobbies ,25,49, UK,2023,October,10,14hours,Neutral
714,718,Participating in a science fair to showcase a unique experiment. Sharing knowledge with peers. ,neutral,2023-10-11 16:45:00, ScienceFairParticipationHighSchool , Facebook , #ScienceFair #HighSchoolScience ,19,37, USA,2023,October,11,16hours,Neutral
715,719,Attending a workshop on time management to enhance organizational skills. Striving for efficiency. ,neutral,2023-10-12 18:20:00, TimeManagementWorkshopHighSchool , Twitter , #EfficiencyGoals #HighSchoolSkills ,23,44, Canada,2023,October,12,18hours,Neutral
716,720,Volunteering at a local charity event to give back to the community. Contributing to social causes. ,neutral,2023-10-13 12:30:00, CharityEventVolunteerHighSchool , Instagram , #CommunityService #HighSchoolVolunteer ,20,39, UK,2023,October,13,12hours,Neutral
717,721,Collaborating on a group project to promote teamwork and shared responsibilities. Group effort in action. ,neutral,2023-10-14 17:30:00, GroupProjectCollaborationHighSchool , Facebook , #TeamSpirit #HighSchoolProjects ,18,35, USA,2023,October,14,17hours,Neutral
718,722,Participating in a debate club to enhance critical thinking and communication skills. Intellectual engagement in progress. ,neutral,2023-10-15 20:45:00, DebateClubParticipationHighSchool , Twitter , #DebateSkills #HighSchoolIntellect ,22,43, Canada,2023,October,15,20hours,Neutral
719,723,Celebrating a friend's birthday with a surprise party. Joyful moments and laughter all around! ,happy,2023-10-16 15:45:00, BirthdaySurpriseHighSchool , Instagram , #SurpriseParty #HighSchoolCelebration ,27,52, UK,2023,October,16,15hours,Positive
720,724,Successfully completing a challenging coding project. Excitement for overcoming coding hurdles! ,happy,2023-10-17 12:30:00, CodingSuccessHighSchool , Twitter , #CodingTriumph #HighSchoolTech ,24,48, USA,2023,October,17,12hours,Positive
721,725,Attending a school talent show to support classmates. Applauding the diverse talents on display! ,happy,2023-10-18 16:45:00, TalentShowSupportHighSchool , Facebook , #TalentShow #HighSchoolEntertainment ,19,38, Canada,2023,October,18,16hours,Positive
722,726,"Exploring a new hiking trail with friends over the weekend. Nature, laughter, and good vibes! ",happy,2023-10-19 18:20:00, WeekendHikeHighSchool , Instagram , #NatureAdventures #HighSchoolFriends ,21,42, UK,2023,October,19,18hours,Positive
723,727,Winning a friendly sports competition against rival schools. Victory celebrations in full swing! ,happy,2023-10-20 14:15:00, SportsVictoryHighSchool , Twitter , #SportsTriumph #HighSchoolAthletics ,26,50, USA,2023,October,20,14hours,Positive
724,728,Receiving a heartfelt letter from a pen pal in another country. Connecting across the globe! ,happy,2023-10-21 17:30:00, PenPalConnectionHighSchool , Facebook , #GlobalFriendship #HighSchoolCorrespondence ,23,45, Canada,2023,October,21,17hours,Positive
725,729,Creating a beautiful mural with fellow art enthusiasts. The power of collaboration and creativity! ,happy,2023-10-22 20:45:00, MuralCreationHighSchool , Instagram , #ArtCollaboration #HighSchoolCreativity ,22,43, UK,2023,October,22,20hours,Positive
726,730,Participating in a school-wide art exhibition. Witnessing creativity and spreading positive vibes! ,happy,2015-11-10 16:45:00, ArtExhibitionJoyHighSchool , Instagram , #ArtisticExpression #HighSchoolCreativity ,23,44, USA,2015,November,10,16hours,Positive
727,731,Achieving a personal best in a track and field competition. The thrill of victory and self-improvement! ,happy,2016-09-14 12:30:00, TrackFieldSuccessHighSchool , Twitter , #AthleticAchievement #HighSchoolSports ,26,51, Canada,2016,September,14,12hours,Positive
728,732,Collaborating on a science project that received recognition at a regional fair. Science triumphs and smiles! ,happy,2017-08-18 18:20:00, ScienceProjectSuccessHighSchool , Facebook , #ScienceFairWinner #HighSchoolScience ,20,39, UK,2017,August,18,18hours,Positive
729,733,"Attending a surprise birthday party organized by friends. Surrounded by love, laughter, and good company! ",happy,2018-06-22 14:15:00, BirthdayPartyJoyHighSchool , Instagram , #SurpriseCelebration #HighSchoolFriendship ,25,48, USA,2018,June,22,14hours,Positive
730,734,Successfully fundraising for a school charity initiative. The joy of giving back to the community! ,happy,2019-04-05 17:30:00, CharityFundraisingTriumphHighSchool , Twitter , #CommunityGiving #HighSchoolPhilanthropy ,22,42, Canada,2019,April,5,17hours,Positive
731,735,"Participating in a multicultural festival, celebrating diversity with music, dance, and delicious food! ",happy,2020-02-29 20:45:00, MulticulturalFestivalJoyHighSchool , Facebook , #CulturalCelebration #HighSchoolUnity ,21,43, UK,2020,February,29,20hours,Positive
732,736,"Organizing a virtual talent show during challenging times, bringing smiles to classmates' faces! ",happy,2020-11-15 15:15:00, VirtualTalentShowSuccessHighSchool , Instagram , #VirtualEntertainment #HighSchoolPositivity ,24,47, USA,2020,November,15,15hours,Positive
